"bf08647b-cdf5-4b7d-bbb8-fd375071a062",1,"0",,0,0,0,0,,1,"0",,0,0,0,0,,"HT Industrial"
"e4771e54-c12c-4d3a-b5ff-44f55320d758",0,"0",,0,0,0,0,,0,"1",3625808304,6,4,0,0,,"Non-Domestic"
"e89d676e-04aa-4d69-85c3-81f87f80c860",0,"0",,0,0,0,0,,0,"0",,0,0,0,0,,
"6a35fe5b-4611-4832-a696-3bbc4ed4cb17",1,"0",,0,0,40,40,,1,"0",,0,0,400,400,,"HT Industrial"
"93a5b481-c159-4b70-98eb-83619b05c35e",1,"0",,0,0,10,1,,1,"0",,0,0,20,19,,"Non-Domestic"
"32197b61-6218-4c01-ad62-1f94d834bc20",0,"0",,0,0,0,0,,0,"0",,0,0,0,0,,
"4d87c21b-a3d4-402d-8126-4b47edaa5cc4",0,"0",,0,0,0,0,,0,"0",,0,0,0,0,,
"cd4e4db9-2fc5-4a57-bd1b-b7a8d164a297",0,"0",,0,0,0,0,,1,"0",,0,0,45,50,,"Non-Domestic"
"0544a385-c427-42b0-8709-29d0d937ef2f",0,"0",,0,0,0,0,,0,"0",,0,0,0,0,,
"8b23ceba-87f6-47c0-81f5-b9dc08e8df72",0,"0",,0,0,0,0,,1,"0",,0,0,140,0,,"Non-Domestic"
"95ea3984-8404-4b5a-bdc8-4ca5c8e2effd",1,"0",,0,0,1,1,,1,"0",,0,0,350,380,,"HT Industrial"
"368d2140-8d4a-4d2d-86e2-7fef0cb372cf",0,"0",,0,0,0,0,,1,"0",,0,0,126,140,,"HT Industrial"
"a3e29cd8-ec82-4f99-9f86-8d87ba28fd82",1,"1",1234,150,166.66,100,11,,0,"0",,0,0,0,0,,
"faa4bff7-1cea-4cb7-bc33-a457f83273ca",0,"0",,0,0,0,0,,1,"0",,0,0,140,0,,"Non-Domestic"
"695c0846-6086-4ff0-9bd7-4c011017ca39",1,"0",,0,0,10,8,,1,"0",,0,0,25,20,,"LT Industrial"
"7c0bb821-a799-43f1-a8cd-8fe0884ae3d6",1,"1","BTCS-0154-L",45,50,1104,1225,,1,"0",,0,0,1104,1225,,"HT Industrial"
"c625c0b8-61c0-42fb-93cf-f2c31d24c332",1,"0",,0,0,10,8,,1,"0",,0,0,10,8,,"LT Industrial"
"bc6ee16d-0dc0-40e0-9fb8-1f71f58a9492",1,"0",,0,0,20,20,,1,"0",,0,0,250,250,,"HT Industrial"
"f1edbbcb-e417-4cb4-917e-56d7de9a6b18",1,"0",,0,0,5,5,,1,"0",,0,0,500,500,,"LT Industrial"
"5c0f271d-3431-4295-ae4d-ffb180606b98",0,"0",,0,0,0,0,,0,"1","1131-0040-k",20,20,0,0,,"LT Industrial"
"8e686d36-f6fd-4ea9-8036-be7f824ed96e",1,"0",,0,0,2000,1700,,0,"0",,0,0,0,0,,
"cc5e6176-8ccf-454e-9e30-96f7fe813664",1,"0",,0,0,100,111,,1,"0",,0,0,750,833,,"HT Industrial"
"8158f8cb-ee8e-42b5-9b8a-e9c09a000e4b",0,"1","N42-TEMP0434-M",49.5,49.5,0,0,,1,"0",,0,0,1800,1800,,"HT Industrial"
"428e6e5a-a959-4edf-a1df-81e038dcd160",0,"0",,0,0,0,0,,0,"1","S14LS0126620X",1149,1276,0,0,,"Non-Domestic"
"7ab57acd-1523-4747-8920-1a13bd5ae743",0,"0",,0,0,0,0,,0,"0",,0,0,0,0,,
"0046c351-e917-4d77-a86c-e6bcaf72102f",1,"1","F35BTCS0133",2.2,2.44,2,2,,1,"0",,0,0,25,23,,"LT Industrial"
"9930bbb1-2765-431a-85b8-32f793e2fbf9",1,"1",2610,40,33,0,0,,0,"0",,0,0,0,0,,
"0e439ba0-182b-46b2-9297-03bc3a1de967",1,"1",1509,150,100,150,100,,1,"1",1509,150,100,150,100,,"Domestic"
"357d23be-3161-455e-acce-d6bf33615123",1,"0",,0,0,5,5,,1,"0",,0,0,75,75,,"LT Industrial"
"4e157c18-c806-4997-8aab-13e7079c7c7a",0,"0",,0,0,0,0,,0,"1","I161-0026-W",50,50,0,0,,"Non-Domestic"
"462b16b6-3436-48dd-b949-ec4f78a46770",1,"1","F35BTCS0141",4,4,350,350,,0,"0",,0,0,0,0,,
"655808dc-9e71-46d2-b252-c0c6d8d36b5b",1,"0",,0,0,200,200,,1,"0",,0,0,200,200,,"Non-Domestic"
"801cc29b-1929-4b1b-a691-3d3685205fc0",1,"0",,0,0,48,50,,1,"0",,0,0,48,50,,"HT Industrial"
"50a32f29-5299-456b-a5da-d12ad0d492f4",1,"1",0,33,30,0,0,,0,"0",,0,0,0,0,,
"3a3c3a8b-b115-46aa-923d-20391daf9a55",0,"0",,0,0,0,0,,1,"0",,0,0,500,500,,"HT Industrial"
"6d528d74-de82-4197-86b2-bb358a8399bc",0,"0",,0,0,0,0,,0,"0",,0,0,0,0,,
"3da0f319-2ac0-4f7d-a421-3ee03bf9d796",0,"0",,0,0,0,0,,0,"0",,0,0,0,0,,
"1699bb69-ffa0-4b4f-bdee-ab686c50e34a",0,"0",,0,0,0,0,,1,"1",6723001000,0,0,0,0,,"LT Industrial"
"399567be-9cea-4f7c-ba31-f8bcb5b33a01",0,"0",,0,0,0,0,,1,"0",,0,0,70,77,,"LT Industrial"
"b4418faa-b311-4ff6-b90c-b14ac7aac793",1,"0",,0,0,200,200,,1,"0",,0,0,200,200,,"HT Industrial"
"9f4499a8-4927-43b3-a21e-adc0154d23dd",1,"0",,0,0,6,7,,1,"0",,0,0,50,54,,"HT Industrial"
"fc522776-a79e-4186-a459-ac4659a28d97",0,"0",,0,0,0,0,,1,"0",,0,0,2070,2300,,"HT Industrial"
"d844334a-cf6c-4ea4-9a1c-8b341c92d272",0,"0",,0,0,0,0,,0,"0",,0,0,0,0,,
"b1f34254-c685-4016-9589-404079adca1a",1,"0",,0,0,50,50,,1,"0",,0,0,220,220,,"LT Industrial"
"f50d4794-219e-43bc-936d-6a02ac542d44",0,"0",,0,0,0,0,,1,"0",,0,0,40,40,,"LT Industrial"
"22f57c67-2435-4cda-bdeb-279588ed3736",1,"0",,0,0,0,0,,0,"0",,0,0,0,0,,
"e1d71693-dc4d-4bda-9554-2fb3efa83880",0,"0",,0,0,0,0,,0,"1","N42-RAHT-0217",500,555,0,0,,"HT Industrial"
"4ffd092f-4f36-4fdd-b95a-3efe8ca29290",0,"0",,0,0,0,0,,1,"1","GK877",3,3,4,4,,"Non-Domestic"
"41533f0b-e0a4-46f0-8c71-9da4a40c9eb3",1,"0",,0,0,30,33,,1,"0",,0,0,1500,1665,,"HT Industrial"
"a649d23a-8659-4172-b285-ce10d9d4fd8d",1,"0",,0,0,95,95,,1,"0",,0,0,95,95,,"Non-Domestic"
"64ee31de-d513-49d8-b836-757f4b8b9165",1,"0",,0,0,99,110,,1,"0",,0,0,4889,4400,,"Domestic"
"e161f422-5451-42cb-b3cc-ca488980cbab",0,"0",,0,0,0,0,,0,"0",,0,0,0,0,,
"ca75db83-8c9a-4008-b0cd-592de0e92842",0,"1",90080,23.75,19,0,0,,1,"0",,0,0,2000,1600,,"HT Industrial"
"07baed52-befd-42e0-9d6f-1d030a280b2a",0,"0",,0,0,0,0,,0,"0",,0,0,0,0,,
"e8916c2d-780c-4ecc-9ba3-d3bcbadea050",0,"0",,0,0,0,0,,1,"0",,0,0,750,750,,"HT Industrial"
"a2b20e31-828f-43ed-84f6-575bcaedd84a",1,"0",,0,0,99,110,,1,"0",,0,0,6700,6000,,"Domestic"
"3cfba991-29e9-4853-8ac0-afaf731ed99d",1,"0",,0,0,50,40,,1,"0",,0,0,50,40,,"HT Industrial"
"da452074-a363-427c-ad07-5d95bd29ab97",0,"0",,0,0,0,0,,1,"1",5659450000,12,0,125,0,,"Non-Domestic"
"3883a399-5df7-4c95-9a04-84ea6f498c40",1,"1","NO",50,40,50,40,,1,"1","NA",0,0,50,40,,"HT Industrial"
"0dce59a9-c0cf-4627-91c8-4ea8368028a9",1,"0",,0,0,5,5,,1,"0",,0,0,15,15,,"Non-Domestic"
"133944d5-e53b-4a4d-b3cd-bf30d74bba94",0,"0",,0,0,0,0,,1,"0",,0,0,40,44,,"LT Industrial"
"be285d21-7e02-4ed4-829d-9c1d280c9564",0,"0",,0,0,0,0,,0,"1","K470",10,8,0,0,,"Non-Domestic"
"837ed1d2-d063-49fc-ae4f-8a2bc54d6498",0,"0",,0,0,0,0,,1,"0",,0,0,40,44,,"LT Industrial"
"8b64b3e9-6c08-4a10-9504-238deea06947",0,"0",,0,0,0,0,,1,"1","F36CHHT0003",14500,15000,29200,30000,,"HT Industrial"
"6ad45b38-99f9-4944-8976-d3f3a44e1476",1,"0",,0,0,5,5,,1,"0",,0,0,25,25,,"LT Industrial"
"952236e4-b959-45ee-9e54-1bd85ba1d8f8",0,"0",,0,0,0,0,,1,"1","IDCS-0195",20,21,0,0,,"LT Industrial"
"322037ae-8793-456c-884d-b9fb3f35f568",0,"0",,0,0,0,0,,0,"1","ICDS-0195",20,21,0,0,,"LT Industrial"
"a86d32f0-53b8-4eaf-bf41-f1565b19d0ae",0,"1","KL11-1025-L",48.9,48.9,0,0,,1,"1","KL11-1025-L",49,49,0,0,,"Non-Domestic"
"78473376-413b-49a7-852c-065262087ee3",0,"0",,0,0,0,0,,0,"1","S4 132",465,515,0,0,,"HT Industrial"
"e0b2a42a-8f09-464b-9110-7d04a115f6d3",0,"0",,0,0,0,0,,0,"0",,0,0,0,0,,
"1dd3a631-7eac-434e-9562-7537a1660ca9",0,"0",,0,0,0,0,,1,"0",,0,0,10,10,,"Non-Domestic"
"c84d1f7e-3017-4e78-935c-6e96c0571650",1,"0",,0,0,95,95,,1,"0",,0,0,95,95,,"Non-Domestic"
"f34ac9b3-b63a-4697-a991-ef53fcca54f6",1,"0",,0,0,160,150,,1,"0",,0,0,200,190,,"HT Industrial"
"5b6c30c8-21cf-4ea4-9925-b40d84c88011",1,"0",,0,0,70,55,,1,"0",,0,0,70,55,,"HT Industrial"
"e0442687-5e0a-476d-a91d-b61232957847",0,"0",,0,0,0,0,,0,"0",,0,0,0,0,,
"564e17c8-0596-4acd-9be0-96494c9d4005",0,"0",,0,0,0,0,,1,"1",5483201000,2000,11,0,0,,"HT Industrial"
"29baa2ef-47cf-4140-8b49-90e2fdfac48e",0,"0",,0,0,0,0,,0,"0",,0,0,0,0,,
"2656641f-2051-430a-8baa-281718e9d429",0,"0",,0,0,0,0,,0,"0",,0,0,0,0,,
"1e2143b3-d4d8-4ca2-83f2-ea1543b3a2c3",0,"1","KU62-1094-Y",10,11,0,0,,1,"0",,0,0,450,500,,"HT Industrial"
"d6b5cf80-be7b-4f4d-a13f-36f5964b1fc3",0,"0",,0,0,0,0,,0,"0",,0,0,0,0,,
"c37bea3b-c96e-42a2-8c49-35b8aa10ec2c",1,"0",,0,0,12,12,,1,"0",,0,0,12,12,,"LT Industrial"
"5d3b7991-4640-44b0-a1a2-51215d7b626d",0,"0",,0,0,0,0,,1,"0",,0,0,10,10,,"Non-Domestic"
"b94da0f7-a38e-4f0e-a6d7-194644b19122",0,"0",,0,0,0,0,,0,"0",,0,0,0,0,,
"d71c37fe-bf0a-42bd-bfa0-79032e10250c",1,"1",104646,34,34,34,34,,1,"0",,0,0,34,34,,"Non-Domestic"
"0051e52e-6fd0-4d61-abde-480a935f6d80",1,"0",,0,0,10,10,,1,"0",,0,0,50,50,,"LT Industrial"
"dc2306fd-77e0-42bd-8672-381b1b8d1c95",0,"1","LS5(old)",104,104,0,0,,0,"0",,0,0,0,0,,
"5aefc8f4-6df5-483f-a88a-880d2484c3d3",0,"0",,0,0,0,0,,0,"0",,0,0,0,0,,
"94b2abcb-3631-47b4-9138-d7bef2d8f33c",0,"0",,0,0,0,0,,0,"0",,0,0,0,0,,
"6ed0775e-1a82-48e0-badd-14fdc57853e7",0,"0",,0,0,0,0,,1,"0",,0,0,10,10,,"LT Industrial"
"dd3b963b-08c2-4992-ad19-25bc511f50f4",0,"0",,0,0,0,0,,1,"0",,0,0,25,20,,"Non-Domestic"
"9df298b5-44dd-4b45-b7d9-dfd84eced457",1,"0",,0,0,10,9,,0,"0",,0,0,0,0,,
"a8524b99-a68f-4aae-8772-6c7cfd9a8e27",1,"1","TC-955",150,166.66,100,111,,1,"0",,0,0,8100,9000,,"Non-Domestic"
"48d9963f-326a-4292-872b-eed44dbdf87f",0,"0",,0,0,0,0,,1,"0",,0,0,356,395,,"Domestic"
"601cd022-5124-4aa0-b9e7-f949086743b3",1,"0",,0,0,20,18,,1,"0",,0,0,20,18,,"LT Industrial"
"242bb56d-5fb4-4e75-85cc-de0ea5975f32",1,"0",,0,0,6000,6000,,1,"0",,0,0,6000,6000,,"HT Industrial"
"f357108d-dda2-407c-b116-d2e78a445788",1,"1",123,25,12,12,12,,0,"1",123,25,12,0,0,,"Domestic"
"7d4d00e0-8063-422e-9c22-937f2080c9ed",1,"0",,0,0,250,200,,0,"0",,0,0,0,0,,
"5c088bf9-ac48-4786-84a3-19a8523c45d3",0,"0",,0,0,0,0,,1,"0",,0,0,20,20,,"LT Industrial"
"ba45cbeb-75aa-4b53-ac01-7f98d58c7d37",1,"1","JLS-0003",19,20,0,0,,0,"1","JLS-0003",19,20,0,0,,"LT Industrial"
"b162b6fe-b420-4ba0-b0f9-c0fcac51f994",1,"0",,0,0,1149,1276,,1,"0",,0,0,1149,1276,,"HT Industrial"
"1b3e0ab5-8ef1-4f53-8984-28cacda62535",1,"0",,0,0,5,0,,0,"0",,0,0,0,0,,
"1ef2b204-2bf9-42f8-9eb8-93c7c5e52d92",1,"0",,0,0,5,5,,1,"0",,0,0,125,125,,"HT Industrial"
"5291e5df-816a-4c42-89ed-3a6005a0fc6b",0,"0",,0,0,0,0,,1,"1",4567891,400,410,0,0,,"HT Industrial"
"077d7437-c2c9-4b8c-9e03-d08828d714bb",0,"0",,0,0,0,0,,1,"1",57132,49,39,0,0,,"Non-Domestic"
"06a45ff6-675d-4a00-babd-ddc2b0fc8475",1,"0",,0,0,70,70,,1,"0",,0,0,70,70,,"LT Industrial"
"69b362a3-c16a-4edf-8cb9-1a3827031da3",0,"0",,0,0,0,0,,0,"0",,0,0,0,0,,
"a24c9e04-b3ba-4984-a427-33ed829b1afb",0,"0",,0,0,0,0,,1,"0",,0,0,5,5,,"Non-Domestic"
"e45f1fe5-c2f6-4347-9469-bee3adcdcd45",0,"1",3534,1,0.8,0,0,,1,"0",,0,0,19,17,,"Non-Domestic"
"39d64a7e-5156-4523-9c08-ef51d7b5dc4d",0,"0",,0,0,0,0,,1,"1","OG33-TC11-1304",6,7,10,11,,"Non-Domestic"
"8ef2fc7f-46b2-4e96-ade0-f5d69027ed83",1,"0",,0,0,5,5,,1,"0",,0,0,125,138,,"HT Industrial"
"8859f585-c890-418a-9ca9-f388d25fd381",1,"0",,0,0,100,10,,1,"0",,0,0,250,25,,"Non-Domestic"
"ddf60278-c7c3-4897-8e17-811ba6e6ab87",0,"0",,0,0,0,0,,1,"0",,0,0,300,330,,"HT Industrial"
"ca9d13a8-6c99-4dc7-b1b7-dea96761a2c1",0,"0",,0,0,0,0,,0,"0",,0,0,0,0,,
"c18c46ba-900f-467b-96a5-43320777746a",0,"0",,0,0,0,0,,0,"0",,0,0,0,0,,
"5811dfba-f7d8-4f7d-942f-84fd98a175cb",1,"0",,0,0,10,10,,1,"0",,0,0,20,20,,"LT Industrial"
"45b2e6ee-e363-47dd-a4b6-59d49f41723f",1,"0",,0,0,5,5,,1,"0",,0,0,50,45,,"HT Industrial"
"e8f75961-6ccd-4f68-94af-528f62215d8b",0,"0",,0,0,0,0,,0,"0",,0,0,0,0,,
"66ebc7e0-97d3-41c0-a9ee-5f9afb80f699",1,"0",,0,0,12,12,,0,"0",,0,0,0,0,,
"47a5088d-85ea-407b-bf5d-6c17b2b336ff",1,"0",,0,0,5,5,,0,"0",,0,0,0,0,,
"65dd542a-3fe6-40c0-b6c3-4bced0cc38ce",0,"0",,0,0,0,0,,0,"0",,0,0,0,0,,
"e89a10ac-5016-4632-9882-0aad465f7800",0,"0",,0,0,0,0,,0,"0",,0,0,0,0,,
"a860fe11-7c69-439d-ad4b-19a4003d1609",1,"1","UW17 1001 N",19,20,2000,2200,,1,"1","UW17 1001 N",19,20,2000,2200,,"HT Industrial"
"4e221ab0-d316-4cc6-8584-973008f96797",1,"0",,0,0,70,70,,1,"0",,0,0,70,70,,"HT Industrial"
"1acaee98-c2b7-482a-b619-57d13584b479",0,"0",,0,0,0,0,,0,"0",,0,0,0,0,,
"71761120-b36e-4e30-a822-2d3ea88f331b",0,"0",,0,0,0,0,,0,"0",,0,0,0,0,,
"6e9a0549-d849-45c1-9644-d1ae5d98dada",1,"0",,0,0,60,60,,1,"0",,0,0,60,60,,"LT Industrial"
"2d7e3fdc-23b4-46bc-b0ce-ae5f4e9d195d",1,"0",,0,0,40,40,,1,"0",,0,0,40,40,,"Non-Domestic"
"2c2fced0-c39e-4c0f-b5db-29346d140895",1,"0",,0,0,5,5,,1,"0",,0,0,40,40,,"LT Industrial"
"630e13e0-88c7-4f89-a2c0-883126dbdd08",1,"0",,0,0,130,130,,1,"0",,0,0,3240,3240,,"HT Industrial"
"bb1cfdb2-1880-4db9-b38f-42f23b20fb1c",0,"0",0,0,0,0,0,,1,"1","BA41-0197-x",50,50,150,150,,"LT Industrial"
"543a7f9e-10fb-487b-902a-01cebb7f1b5b",0,"0",,0,0,0,0,,0,"0",,0,0,0,0,,
"4ad26f80-4f0a-4667-ba7f-b57cf610625c",0,"0",,0,0,0,0,,1,"0",,0,0,70,77,,"LT Industrial"
"f16a1e44-a94d-489a-9ec8-58ae84b5bf46",1,"0",,0,0,6,4,,0,"0",,0,0,0,0,,
"ebab4134-7d89-43d0-8e4c-369d3db13791",0,"0",,0,0,0,0,,1,"0",,0,0,80,88,,"Non-Domestic"
"e93bfda2-0e18-468d-826c-7340ac2f3b38",0,"0",,0,0,0,0,,0,"0",,0,0,0,0,,
"a9c4e670-933e-4f06-b567-509c8bdb8132",1,"0",,0,0,650,200,,1,"0",,0,0,650,650,,"LT Industrial"
"005a4afc-05ce-44ce-b27e-df94aa367c8e",1,"0",,0,0,10,10,,1,"0",,0,0,70,70,,"LT Industrial"
"c4f355a7-7f7f-4a0f-bbd5-a2ae8906cf19",0,"0",,0,0,0,0,,1,"1","TEMP1167H",10,10,4200,4200,,"LT Industrial"
"37c17946-8243-44e2-b2d9-910a8b933a54",1,"0",,0,0,10,10,,1,"0",,0,0,180,180,,"HT Industrial"
"1fc06543-b387-4b75-9be0-00965ecba7d2",1,"0",,0,0,100,100,,1,"0",,0,0,3800,3800,,"LT Industrial"
"b1580962-e4cc-49d1-8056-bae345021286",0,"0",,0,0,0,0,,1,"0",,0,0,50,50,,"LT Industrial"
"e02d2ac9-7775-4f58-89a8-ea489cbfb4e7",1,"0",,0,0,45,50,,1,"0",,0,0,675,750,,"LT Industrial"
"9087c05b-aa23-427c-b5b5-ffa631312cac",0,"0",,0,0,0,0,,1,"1",860890005,305,305,0,0,,"LT Industrial"
"db157082-aa41-4189-ac25-4677d727118b",0,"0",,0,0,0,0,,1,"0",,0,0,400,320,,"HT Industrial"
"874c0d1d-2a68-4776-bda2-1f4564ca9416",0,"0",,0,0,0,0,,0,"1",5842560000,0,0,0,0,,"LT Industrial"
"ba757918-ca8b-434e-ac1a-4f637835d429",1,"0",,0,0,10,10,,1,"0",,0,0,150,150,,"LT Industrial"
"d4276e77-4b16-44fc-a54c-17ea54799409",1,"0",,0,0,35,5,,1,"0",,0,0,35,5,,"Domestic"
"410e5c14-0458-4700-b6cc-5771933db898",0,"0",,0,0,0,0,,1,"0",,0,0,4,0,,"LT Industrial"
"8da33900-8156-4753-a3af-f167146aee25",0,"0",,0,0,0,0,,0,"0",,0,0,0,0,,
"8b263e44-35db-4e7e-b707-aa46ad36ba7d",1,"0",,0,0,5,5,,1,"0",,0,0,48,48,,"Non-Domestic"
"e0f05ae2-b1fe-4238-bcd8-417ee6c8648a",1,"0",,0,0,36,40,,1,"0",,0,0,675,750,,"HT Industrial"
"7892eb01-728b-486a-b5b9-be90cd7496bb",1,"0",,0,0,10,10,,1,"0",,0,0,120,120,,"LT Industrial"
"27f017b7-9450-4258-8853-6f4a559aab87",1,"0",,0,0,10,10,,1,"0",,0,0,120,120,,"LT Industrial"
"fab8e853-bfd9-4828-ad29-f07d47b171ab",0,"0",,0,0,0,0,,1,"0",,0,0,490,490,,"HT Industrial"
"0e1a9ea8-17c4-488d-b024-d1ecd847cb59",1,"0",,0,0,7,7,,1,"0",,0,0,35,35,,"Domestic"
"962d3ab5-d098-495d-b0b4-76325ac51d87",0,"0",,0,0,0,0,,0,"0",,0,0,0,0,,
"a81af36b-e558-4493-a094-bc36bd29c3f8",0,"0",,0,0,0,0,,1,"0",,0,0,20,20,,"Non-Domestic"
"06fe9c4e-bb67-4ff7-bf42-f8a28596b0a2",0,"1","B23KAHT0001",333,370,0,0,,0,"1","B23KAHT0001",333,370,0,0,,"HT Industrial"
"fdc057c3-e663-4d73-be7c-ac1f266e5c9e",1,"0",,0,0,10,10,,1,"0",,0,0,100,100,,"HT Industrial"
"34fdc9f8-7267-4e1c-bafc-2b80b6d9dfa7",0,"0",,0,0,0,0,,1,"0",,0,0,11,9,,"LT Industrial"
"13c2398d-7dcf-492f-a253-02d1d93053fd",0,"1",,5,5,0,0,,1,"0",,0,0,40,40,,"Domestic"
"532a9592-31b6-4dba-a579-6fad95c392ae",0,"0",,0,0,0,0,,0,"0",,0,0,0,0,,
"16f1e6ce-1281-4582-a934-310f43be976b",0,"0",,0,0,0,0,,1,"0",,0,0,356,395,,"Domestic"
"2d63c928-dfae-4376-bd5c-923628820e74",1,"0",,0,0,180,180,,1,"0",,0,0,180,180,,"LT Industrial"
"0a9a3b88-5e22-4e22-a4f8-b2790fa1d405",1,"0",,0,0,125,125,,1,"0",,0,0,125,125,,"LT Industrial"
"6563bad1-41a4-4673-86d5-af299715c6e7",0,"0",,0,0,0,0,,1,"0",,0,0,25,20,,"LT Industrial"
"8bb92852-21fb-4028-9874-9f9c28d79e29",1,"0",,0,0,24,24,,1,"1",1581590000,49,49,200,200,,"LT Industrial"
"6b08915e-8c51-423c-9afd-6a343dcc0de9",0,"0",,0,0,0,0,,0,"0",,0,0,0,0,,
"03f5b077-2ec1-4350-95ee-54d535692e5b",0,"0",,0,0,0,0,,1,"1","B23-SSHT-0001",252,280,0,0,,"HT Industrial"
"781aa559-f683-4ae6-89eb-33dbd069529a",0,"0",,0,0,0,0,,1,"0",,0,0,400,444,,"HT Industrial"
"df87969d-c792-49b6-a2ec-4c0c8ff9beec",1,"0",,0,0,500,555,,1,"0",,0,0,500,555,,"HT Industrial"
"6919d14d-aae3-4474-8f78-7b1c149f80f5",0,"0",,0,0,0,0,,1,"0",,0,0,180,200,,"HT Industrial"
"10fe42d7-6077-4109-bc58-54a1e36cdced",0,"0",,0,0,0,0,,1,"0",,0,0,25,27,,"LT Industrial"
"e842fe2b-8e31-4f65-ac00-568ba41c6bbe",0,"0",,0,0,0,0,,1,"0",,0,0,850,850,,"HT Industrial"
"f3d932f1-af70-4b81-a5aa-a701bdc2da12",0,"0",,0,0,0,0,,1,"0",,0,0,60,60,,"LT Industrial"
"faddb4fc-3590-4f73-9ea8-2080fb5334b9",0,"0",,0,0,0,0,,0,"0",,0,0,0,0,,
"2d84db30-f4ca-40a8-887a-451fd17593e1",0,"0",,0,0,0,0,,1,"1",7745880000,1800,2000,1800,2000,,"HT Industrial"
"d531b7a4-4f47-4591-8f7d-e4e587f9dd6f",0,"0",,0,0,0,0,,1,"0",,0,0,400,444,,"HT Industrial"
"2bde24fe-32e2-465d-a936-5639699478a5",0,"0",,0,0,0,0,,1,"0",,0,0,3000,2700,,"LT Industrial"
"69827fb5-d16f-422a-8e18-4fa6f0804808",0,"0",,0,0,0,0,,1,"1","B33-MMHT-1",92,0,102,0,,"HT Industrial"
"b145c7b0-cad8-47df-b190-88a862ead8b2",1,"0",,0,0,15,16,,1,"0",,0,0,15,16,,"HT Industrial"
"e89de222-b7ce-4ffa-bb47-b6e810d7955a",1,"0",,0,0,20,20,,1,"0",,0,0,100,85,,"LT Industrial"
"446a697a-a33d-4ecf-9995-128c314b9540",0,"0",,0,0,0,0,,0,"1","H12LS010194A",2250,2500,0,0,,"HT Industrial"
"46a00910-6e0f-46ea-9255-2a65010bbeab",0,"0",,0,0,0,0,,1,"0",,0,0,30,30,,"Domestic"
"58bacfe3-a2ac-41e5-bf48-79b3c352907d",0,"0",,0,0,0,0,,0,"1","H12LS010194A",2250,2500,0,0,,"HT Industrial"
"e02487b9-929e-4ef3-9eaf-f9791fdeb294",1,"0",,0,0,1,1,,0,"0",,0,0,0,0,,
"da91e80a-10f8-4644-a46d-f89f10fcbb0c",1,"0",,0,0,62,62,,1,"0",,0,0,62,62,,"LT Industrial"
"6fb634ec-6e7c-4436-916a-64940c90d9b5",1,"0",,0,0,10,10,,1,"0",,0,0,50,50,,"LT Industrial"
"692c2b46-6665-4325-9850-4eb36606904b",0,"0",,0,0,0,0,,1,"0",,0,0,30,30,,"Domestic"
"4a079829-174f-456d-b09c-1bbeb5348267",1,"0",,0,0,5,5,,1,"0",,0,0,20,20,,"LT Industrial"
"c722cd6c-eaff-4d45-b96c-e15c258ffdea",0,"0",,0,0,0,0,,1,"0",,0,0,215,160,,"HT Industrial"
"9743b9e2-f948-4607-8916-c52b018dccd8",1,"0",,0,0,900,1000,,1,"0",,0,0,9000,10000,,"LT Industrial"
"c352d639-30d0-441e-b3c8-99728121bccb",0,"0",,0,0,0,0,,0,"0",,0,0,0,0,,
"f1ae931d-611e-4407-ab6f-4aa6a58506cb",0,"0",,0,0,0,0,,1,"0",,0,0,155,140,,"HT Industrial"
"976d85c5-54ec-4bef-a019-d6fbb1122bf2",1,"0",,0,0,2,2,,1,"0",,0,0,15,15,,"LT Industrial"
"236f3d03-7577-413f-a454-bdf2a6aaa93e",0,"1","F42DFHT0001",450,499,0,0,,0,"1","F42DFHT0001",450,499,0,0,,"HT Industrial"
"925bbc72-1375-4b56-86ae-73349e9b54ce",0,"0",,0,0,0,0,,1,"1","B36-PWHT-1",160,160,0,0,,"HT Industrial"
"45773773-0813-40f1-b43b-5891ef3e333c",1,"0",,0,0,50,50,,1,"0",,0,0,50,50,,"LT Industrial"
"972427a3-0399-42bf-9694-aeef7300dab7",0,"0",,0,0,0,0,,1,"0",,0,0,2,2,,"Domestic"
"660f36c5-6547-4876-b96f-03a7bcbb9020",0,"0",,0,0,0,0,,1,"0",,0,0,2,2,,"Domestic"
"4d528a79-7570-401a-aeac-638b49623a2b",0,"0",,0,0,0,0,,1,"0",,0,0,2,2,,"Domestic"
"59ad13e2-983b-4005-b9ce-6a8fcb99d01e",1,"0",,0,0,63,63,,1,"0",,0,0,63,63,,"LT Industrial"
"2cf50c24-3c50-4b7b-9467-9d7456fe4671",0,"0",,0,0,0,0,,0,"0",,0,0,0,0,,
"2251d274-d367-4ebd-834a-0ebb19313b88",0,"0",,0,0,0,0,,0,"0",,0,0,0,0,,
"ca601f84-b0cd-48f2-8c71-e3ffbe79ec45",1,"0",,0,0,15,15,,1,"0",,0,0,40,40,,"LT Industrial"
"e3502a91-7d02-4087-b3e5-7e32994ad755",1,"0",,0,0,2,2,,1,"0",,0,0,15,15,,"LT Industrial"
"64e44acc-dc2c-4d60-9b86-a05be8eaa076",1,"0",,0,0,25,20,,1,"0",,0,0,1250,1200,,"HT Industrial"
"0ec1d078-de89-40fb-a529-c88d2abe776c",0,"0",,0,0,0,0,,1,"0",,0,0,49.98,49.98,,"LT Industrial"
"c30ef798-cea4-401b-983a-653167a45b96",1,"0",,0,0,25,20,,1,"0",,0,0,25,20,,"Non-Domestic"
"1476475b-9097-4037-a971-d614c0392aec",0,"0",,0,0,0,0,,1,"1","B33BL2113P",2,2,0,0,,"Non-Domestic"
"bd586581-6af9-4c19-bf0b-4cf2ca8da94e",0,"0",,0,0,0,0,,1,"0",,0,0,20,0,,"Non-Domestic"
"5cb975df-6d69-4450-8029-9d2166bdb04e",1,"0",,0,0,35,32,,1,"0",,0,0,35,32,,"Non-Domestic"
"9d9bb523-525e-4fd6-9e96-95c445718ed7",0,"0",,0,0,0,0,,1,"1",6723001000,10,0,30,0,,"LT Industrial"
"43773f23-8001-4a29-97c0-57cf20910950",1,"1","F3BTCS0141",50,50,0,0,,0,"0",,0,0,0,0,,
"082b2673-66b7-4d97-b953-f3093180ba3a",0,"0",,0,0,0,0,,1,"0",,0,0,25,25,,"Non-Domestic"
"a1d8b128-4c6d-4298-a354-0dd9309ca5d0",0,"0",,0,0,0,0,,1,"1","B33BL2113P",2,2,0,0,,"LT Industrial"
"d160c649-3220-4da0-897f-f0093bc54fe2",0,"0",,0,0,0,0,,0,"1","MS19-1007-X",30,33,0,0,,"Domestic"
"c1299810-0fc2-47d2-ba15-919315e7cb9e",0,"0",,0,0,0,0,,1,"1","N42-TIHT-0196",1800,2000,1000,800,,"HT Industrial"
"85f7285f-71d6-40bd-93c7-8e0bd5176fe7",0,"0",,0,0,0,0,,1,"0",,0,0,400,400,,"Non-Domestic"
"63287470-ec2e-4311-811e-c663e5f3d835",1,"0",,0,0,5,5,,1,"0",,0,0,5,5,,"Domestic"
"2e9bff88-48b1-4867-a0d9-4e581b6f4919",1,"1",6833001000,8,8,0,0,,1,"0",,0,0,100,100,,"HT Industrial"
"d3c1a7a5-2812-4763-bdd4-4509059faedd",1,"1","ML13-1007-H",0,0,0,0,,1,"0",,0,0,490,490,,"HT Industrial"
"2a9d8b1c-336a-497d-8d11-e86b8da7b0fc",1,"0",,0,0,7720,7720,,1,"0",,0,0,7720,7720,,"LT Industrial"
"6948e2d9-4541-4aa7-a59c-0bee0b3369b8",1,"1","2074N25T",10,10,0,0,,1,"0",,0,0,500,500,,"HT Industrial"
"cb5e0856-7ac0-4b52-b644-6e5e547d8bf3",0,"0",,0,0,0,0,,1,"0",,0,0,125,125,,"HT Industrial"
"9710d7a3-c6a5-415e-874b-a89806b4a39e",0,"0",,0,0,0,0,,1,"0",,0,0,150,150,,"HT Industrial"
"fd6b189f-0c64-462c-90b3-c45e75b9a4cc",1,"0",,0,0,5,5,,1,"0",,0,0,5,5,,"Domestic"
"01b975fc-3407-4d8f-90d8-a81bc2bf92f5",1,"0",,0,0,150,150,,1,"0",,0,0,150,150,,"HT Industrial"
"ecfb17d9-d8d8-4fe3-84cd-ec5e9851253f",0,"0",,0,0,0,0,,0,"0",,0,0,0,0,,
"740b6829-2906-43d6-b377-67851d8d200d",0,"0",,0,0,0,0,,1,"0",,0,0,50,50,,"HT Industrial"
"287ff506-333d-4169-8506-107180531683",0,"0",,0,0,0,0,,1,"0",,0,0,80,80,,"HT Industrial"
"18bcbca0-d182-4d49-9924-4d20a2107c9e",0,"0",,0,0,0,0,,1,"0",,0,0,500,500,,"HT Industrial"
"1bff6473-a57b-4b89-9aac-f2bd9926ef62",1,"0",,0,0,18,18,,1,"0",,0,0,50,50,,"LT Industrial"
"05cf4421-77a8-4854-8e68-b81ad40fba27",1,"0",,0,0,50,50,,1,"0",,0,0,50,50,,"Non-Domestic"
"d490c5d3-5f1f-4aa6-bd5c-3a819c31a026",0,"0",,0,0,0,0,,0,"0",,0,0,0,0,,
"f88bdb13-2c32-4319-9177-5c36a82f3da3",0,"0",,0,0,0,0,,1,"0",,0,0,100,100,,"LT Industrial"
"d1665c5d-069b-45c0-bef3-045429059bc8",1,"0",,0,0,25,25,,1,"0",,0,0,200,200,,"HT Industrial"
"13fb0503-ae47-4a22-a15c-ccdd1db6d4dd",0,"0",,0,0,0,0,,1,"0",,0,0,200,200,,"HT Industrial"
"fe9f90e1-bea5-4402-aabe-99f106974d15",0,"0",,0,0,0,0,,1,"0",,0,0,200,200,,"HT Industrial"
"9627013b-86f0-4bdf-b97e-26c7c7a2ea64",0,"0",,0,0,0,0,,1,"0",,0,0,9,10,,"LT Industrial"
"04caf930-7326-41f4-9293-b7eb8687717a",0,"0",,0,0,0,0,,0,"0",,0,0,0,0,,
"7bac1c0b-be18-4def-9a20-6e9de9fea8b4",1,"0",,0,0,500,500,,1,"0",,0,0,1000,1000,,"HT Industrial"
"ab250774-34a7-4d52-ac87-fe35897053c6",1,"0",,0,0,10,10,,1,"0",,0,0,40,40,,"LT Industrial"
"af79d49f-c81a-4f81-9f05-4f23183cc6c6",0,"1","BTCS-0182X",19,21,0,0,,1,"0",,0,0,500,555,,"HT Industrial"
"c6a2b42c-89db-465f-a6e8-a733611c9d1f",1,"0",,0,0,10,10,,1,"0",,0,0,49,49,,"LT Industrial"
"d6653b43-1bd8-4bfb-9b53-542bef259024",0,"0","N42-INHT-0025",0,0,0,0,,0,"1","N42-INHT-0025",5010,3000,0,0,,"HT Industrial"
"b3f87846-0269-4a26-a248-84ecd1146688",1,"0",,0,0,15,15,,1,"0",,0,0,15,15,,"LT Industrial"
"d42744c8-ee91-4843-b1fd-2a21caacd67a",0,"0",,0,0,0,0,,0,"0",,0,0,0,0,,
"d9f709b4-788a-4638-a5d0-bbcb7427c9d6",0,"0",,0,0,0,0,,1,"1","N42-FOHT-0234",450,500,540,600,,"HT Industrial"
"c203434f-21fe-4d67-9ae7-b3be49c18e48",0,"0",,0,0,0,0,,1,"0",,0,0,500,450,,"Non-Domestic"
"900761c6-1966-4fd8-b932-9a2ebe8cdf06",1,"0",,0,0,15,15,,1,"0",,0,0,15,15,,"LT Industrial"
"44db11a4-1613-45fb-b9aa-b45047df1ef9",0,"0",,0,0,0,0,,1,"0",,0,0,49,45,,"LT Industrial"
"bb943736-1181-49fa-ab1a-d8b2d83235d9",0,"0",,0,0,0,0,,1,"0",,0,0,200,200,,"Non-Domestic"
"e1808077-30cb-4f83-818e-5b7c7ccdf6d8",1,"0",,0,0,100,111,,1,"0",,0,0,6000,6666,,"Non-Domestic"
"3eab8b1e-faa8-4740-b392-eac74f24952b",1,"0",,0,0,1000,1000,,1,"0",,0,0,1000,1000,,"HT Industrial"
"a5dc9fb6-cad0-4408-898d-0b8b20fa1fa6",1,"1","FH35-CSHT-0005",105,105,1200,1068,,1,"0",,0,0,1375,1375,,"HT Industrial"
"29cba023-090a-43c8-b928-ac52d07ec58d",1,"0",,0,0,10,10,,1,"0",,0,0,500,500,,"LT Industrial"
"3499f648-df07-4423-b77a-41a752c158a9",0,"0",,0,0,0,0,,1,"0",,0,0,1000,1000,,"HT Industrial"
"c0200126-fa55-4d01-8769-70c354d7e81a",1,"0",,0,0,15,15,,0,"0",,0,0,0,0,,
"02303623-a0f4-493c-bf85-a24156a485c3",0,"0",,0,0,0,0,,1,"0",,0,0,49,52,,"LT Industrial"
"106b2b72-aa11-4335-aa3e-6a681b5086d2",1,"0",,0,0,200,200,,1,"0",,0,0,200,200,,"Non-Domestic"
"b1cf8836-7d19-4fa0-8c3b-7a8996a6fe2d",0,"0",,0,0,0,0,,0,"0",,0,0,0,0,,
"30d27ce6-2b83-4f7b-a891-66dfc78bfd25",1,"0",,0,0,500,500,,1,"0",,0,0,1000,1000,,"HT Industrial"
"e11b8bf2-51fe-494f-9af7-fca46fd09bbd",0,"0",,0,0,0,0,,1,"0",,0,0,2100,1800,,"Non-Domestic"
"bd27c92d-2af0-4420-a908-d2c6a7a762d9",0,"0",,0,0,0,0,,1,"0",,0,0,35,35,,"Non-Domestic"
"389e3ff1-c351-41bb-b600-a1784e5ca2a8",0,"0",,0,0,0,0,,0,"0",,0,0,0,0,,
"abbb89da-b95b-44b1-89ea-74a4eb0a62a9",0,"0",,0,0,0,0,,0,"0",,0,0,0,0,,
"f2858f33-f9c8-4c7a-bded-cdf914026d0f",0,"0",,0,0,0,0,,0,"0",,0,0,0,0,,
"dc8cdb07-7355-4530-b105-e9d3140d213d",1,"1",5293226554,499.9,449.91,14522,16131,,1,"0",,0,0,14522,16131,,"HT Industrial"
"df848681-5200-4676-b856-6b2cd67623d4",1,"0",,0,0,135,150,,0,"0",,0,0,0,0,,
"bfc4da9d-0183-4f18-828e-881bf292849d",0,"0",,0,0,0,0,,1,"0",,0,0,25000,25000,,"Bulk Supply"
"1fd19918-a47e-4a76-b687-1d02fada2cba",0,"0",,0,0,0,0,,0,"0",,0,0,0,0,,
"d216b1b1-57c1-4454-a287-77e7d2c36656",0,"0",,0,0,0,0,,1,"0",,0,0,1000,1000,,"HT Industrial"
"fb6d8a15-a54d-4ec3-b53a-154e25a2f444",1,"0",,0,0,17,15,,1,"0",,0,0,78,70,,"HT Industrial"
"7444c5e4-1540-4b29-8798-05f1607d9302",0,"0",,0,0,0,0,,0,"0",,0,0,0,0,,
"df251c23-51b7-4989-83be-6d71efc813f1",1,"0",,0,0,10,10,,1,"0",,0,0,60,60,,"LT Industrial"
"09b3f1fb-9547-4ea0-97c6-0683fc36062f",0,"0",,0,0,0,0,,1,"0",,0,0,35,35,,"Non-Domestic"
"e3421cd3-2d7e-4ff0-9b1a-aa2da69b0cca",0,"1","ls47",3578,3000,0,0,,1,"1","ls47",3578,3000,6379.1,5000,,"HT Industrial"
"4271c62f-20dc-431e-8d72-f2adf321f425",1,"0",,0,0,90,100,,1,"0",,0,0,5000,4500,,"HT Industrial"
"b5f799c6-93e8-465f-8cd7-3604f29c9e57",1,"1","TC57-1005-K",20,22,878,975,,1,"0",,0,0,898,997,,"LT Industrial"
"38d80116-c28d-4693-9143-87bc8e5341eb",0,"0",,0,0,0,0,,1,"0",,0,0,300,300,,"HT Industrial"
"c5f561f8-c9c2-4115-8d64-76ac21761937",0,"0",,0,0,0,0,,1,"0",,0,0,50,50,,"LT Industrial"
"75081acb-bae6-4b37-ae95-698cd863dbb0",0,"0",,0,0,0,0,,1,"0",,0,0,200,200,,"HT Industrial"
"cc16ed62-29f1-440e-989a-d930416f1da8",1,"0",,0,0,10,0.9,,1,"0",,0,0,200,200,,"LT Industrial"
"2ed580d9-8057-4b0d-965c-4f8ccbc96f75",0,"0",,0,0,0,0,,0,"1","f44mm210361",6,0,0,0,,"Non-Domestic"
"0d880e3d-0713-47f4-8e91-c3ba416d1de5",0,"0",,0,0,0,0,,0,"0",,0,0,0,0,,
"68a55aa6-acfe-4359-b989-b78cdeec3165",1,"0",,0,0,5,5.5,,1,"0",,0,0,50,55.56,,"LT Industrial"
"709118c7-e2b9-4ba6-9323-bc3565f702a7",1,"0",,0,0,50,50,,0,"0",,0,0,0,0,,
"2997d6b3-582a-4ac8-9e4f-16489ec9c2fa",1,"0",,0,0,100,100,,0,"0",,0,0,0,0,,
"14b20779-4a47-4404-83e6-36f5c838d1d8",1,"0",,0,0,10,10,,0,"0",,0,0,0,0,,
"ae71b297-9bd2-4b0f-91d8-899b070db329",1,"0",,0,0,20,20,,0,"0",,0,0,0,0,,
"f5d2d428-acb8-43f8-bb5f-58f23dfd876f",1,"0",,0,0,39,39,,0,"0",,0,0,0,0,,
"92ec77d6-8cc1-4386-b201-fe9e65719c31",1,"0",,0,0,20,20,,0,"0",,0,0,0,0,,
"1c6557f3-cf84-40c1-a8e9-1251faa8f933",1,"0",,0,0,2,2,,0,"0",,0,0,0,0,,
"0fcb6afa-e74e-4486-96fc-ce05df998155",1,"0",,0,0,5,5,,1,"0",,0,0,100,100,,"HT Industrial"
"b1b1a955-4c24-4597-8390-e3c51fda7247",1,"0",,0,0,2,2.22,,1,"1",5490340000,19.98,22.2,43,47.77,,"LT Industrial"
"47bb681c-1a22-449a-91a7-7a275ff463e6",1,"0",,0,0,2,2,,1,"1","2D89390000",20,20,30,30,,"Non-Domestic"
"7e14c177-489d-43d9-b05c-a005d5046b46",1,"0",,0,0,20,20,,0,"0",,0,0,0,0,,
"0ceb2736-b6fd-4df7-8404-c1cd958eabc5",1,"0",,0,0,5,5,,1,"0",,0,0,20,20,,"LT Industrial"
"d0a74dcf-5780-49c4-a0c7-b97aa9fd4a08",1,"0",,0,0,5,5,,1,"0",,0,0,25,25,,"Domestic"
"9ebac146-b3b7-4d8f-959c-fc79c58c0877",1,"0",,0,0,5,5,,1,"0",,0,0,50,50,,"LT Industrial"
"4ff2d34d-b43a-497e-9a0c-2d656fe938a4",1,"0",,0,0,25,20,,1,"0",,0,0,180,150,,"LT Industrial"
"6e40dc5f-ad12-496e-bc18-5d1aa1405f10",0,"0",,0,0,0,0,,1,"0",,0,0,50,49,,"Domestic"
"5bc28aeb-4a09-4e5f-ac35-a3ea7477b74c",0,"1","S14TC711002M",6,6,0,0,,1,"0",,0,0,200,222,,"HT Industrial"
"f908eebf-3264-45d1-934e-79f9438ba79a",0,"0",,0,0,0,0,,0,"0",,0,0,0,0,,
"040acc64-c999-4790-bf86-fb520d2b48e8",0,"0",,0,0,0,0,,1,"0",,0,0,50,50,,"LT Industrial"
"35aaa33d-0420-418d-aeb9-dbc4f2403a7d",0,"0",,0,0,0,0,,0,"1",5842560000,0,0,0,0,,"LT Industrial"
"41570797-6020-4b02-8fa4-482673662b58",0,"0",,0,0,0,0,,1,"1","KU253323Y",1,1,125,125,,"Non-Domestic"
"8b54cef2-615e-4851-b649-6e91e8c46034",1,"0",,0,0,1,1,,1,"0",,0,0,40,40,,"LT Industrial"
"0919581f-13f1-4432-b5e8-dbb76f1bedc3",0,"0",,0,0,0,0,,0,"0",,0,0,0,0,,
"cc0daaab-169f-4929-9af7-89273e785c9d",1,"0",,0,0,6,6,,0,"0",,0,0,0,0,,
"9e145877-f9ac-4aa3-bf70-742730d11e92",0,"0",,0,0,0,0,,1,"0",,0,0,49.5,49.5,,"LT Industrial"
"cb364dfa-be5a-4d52-9b98-99de2814e9a2",0,"0",,0,0,0,0,,1,"0",,0,0,10,8.7,,"LT Industrial"
"b1b8263a-bbcc-403f-866e-9f7084df6cad",1,"0",,0,0,6,6,,1,"0",,0,0,40,40,,"LT Industrial"
"4e500667-5455-489f-97ef-1845e3b39c30",1,"0",,0,0,10,10,,1,"0",,0,0,20,20,,"LT Industrial"
"5a4e7093-58e7-4c4a-bac6-e7d8d39c12c9",1,"0",,0,0,5,5.5,,1,"0",,0,0,15,16.6,,"Non-Domestic"
"0fdd2ad1-04a4-47a0-980d-9f3063c0e58c",0,"1","TEMP-0567-K",11,12.22,0,0,,1,"0",,0,0,7777,7000,,"Domestic"
"8402342b-c399-4877-825e-fa8b08a07b35",1,"0",,0,0,5,5.5,,1,"0",,0,0,15,16.6,,"Non-Domestic"
"b91d3387-031c-4275-adb3-db601e6e041d",1,"0",,0,0,25,22.5,,1,"0",,0,0,500,450,,"LT Industrial"
"a677cd72-e068-4c6c-82a1-4a6dc0771be8",1,"1","not yet alloted",0,0,400,400,,1,"0",,0,0,400,400,,"Non-Domestic"
"d06d2ab3-1f25-46cd-a405-2bc8115496cc",0,"0",,0,0,0,0,,1,"0",,0,0,45,50,,"LT Industrial"
"4a0b56bd-3416-4acb-9a30-21396b6fe7cd",0,"0",,0,0,0,0,,1,"1",1197330000,0.9,0.72,30,30,,"Lift irrigation"
"d64b14ba-e089-4c54-96c1-15556414f93b",1,"0",,0,0,60,59,,1,"0",,0,0,150,145,,"HT Industrial"
"cf931f3a-6ca7-4517-a983-81d7853b85fb",0,"0",,0,0,0,0,,1,"1","11-537",19.9,0,45,50,,"LT Industrial"
"5b022207-bae0-4838-87a3-fda15065d19f",0,"0",,0,0,0,0,,0,"0",,0,0,0,0,,
"2439c50e-57a6-4b68-93b6-70cf238c7814",1,"0",,0,0,300,300,,1,"0",,0,0,300,300,,"LT Industrial"
"61a9f3fb-0c40-405a-9a75-3da997aeea86",1,"0",,0,0,5,5,,1,"0",,0,0,19.9,19.9,,"LT Industrial"
"6eb488d0-1776-48e6-9e98-51b1ac4681f7",0,"0",,0,0,0,0,,1,"1","R35SPS20640K",5,5,150,150,,"Non-Domestic"
"257189ac-6b1c-454a-a966-ee2fd1bc79fc",1,"0",,0,0,7,7,,1,"0",,0,0,200,200,,"HT Industrial"
"b05953de-9274-45d8-b360-87ffb47021b4",1,"0",,0,0,15,15,,1,"0",,0,0,20,20,,"Non-Domestic"
"27b84866-28b6-49ab-a248-a0082ccde2d2",0,"0",,0,0,0,0,,0,"0",,0,0,0,0,,
"e35ba937-bee0-48ef-8d60-30461af418a6",1,"0",,0,0,5,5,,1,"0",,0,0,19.9,19.9,,"LT Industrial"
"acc11854-d7d6-499c-95a4-d3f4d93e97e4",1,"0",,0,0,10,10,,1,"0",,0,0,50,50,,"LT Industrial"
"65bba1ef-eb6c-4029-88a0-c3f8e12a10ca",0,"0",,0,0,0,0,,0,"0",,0,0,0,0,,
"02df4bef-f4e4-4230-9c69-b6c07df708a4",1,"0",,0,0,40,40,,1,"0",,0,0,40,40,,"HT Industrial"
"fc18602f-b8c6-4327-9eac-b7f56d6892ac",1,"0",,0,0,6,6,,1,"0",,0,0,19.9,19.9,,"LT Industrial"
"70d43f57-bbb6-4fdc-8046-87deeb023923",1,"0",,0,0,6,6,,1,"0",,0,0,19.9,19.9,,"LT Industrial"
"66a1711f-2176-4470-b21e-da04de3a59d3",1,"0",,0,0,40,40,,1,"0",,0,0,100,100,,"LT Industrial"
"d2204899-e559-47cc-b71b-6b4618dea82c",0,"0",,0,0,0,0,,1,"0",,0,0,50,50,,"Non-Domestic"
"775cf5aa-a37c-4251-ad5b-f8495ef2708f",0,"0",,0,0,0,0,,1,"0",,0,0,50,50,,"LT Industrial"
"0828564c-7ddc-45ac-8140-9a785fdea0d4",0,"0",,0,0,0,0,,0,"0",,0,0,0,0,,
"36c2d3c4-abd0-4852-8664-ca99fed7f006",1,"0",,0,0,5,5,,1,"0",,0,0,100,100,,"LT Industrial"
"1a3ffa60-a823-4467-b28c-d9fa1d65a65f",1,"0",,0,0,6,6,,1,"0",,0,0,49.9,49.9,,"HT Industrial"
"dc6a364a-a15d-4543-a51d-db115b94417d",1,"0",,0,0,10,10,,1,"0",,0,0,1000,1000,,"LT Industrial"
"921fd785-e276-4100-96b3-01ed661d1656",1,"0",,0,0,4,4,,1,"0",,0,0,19.9,19.9,,"LT Industrial"
"7ab8b95b-aaf0-40db-b387-18265bd85450",1,"0",,0,0,5,5,,1,"0",,0,0,5,5,,"Domestic"
"d66bf970-d70e-4115-bc2a-4c8821c2cb94",0,"0",,0,0,0,0,,1,"0",,0,0,300,270,,"HT Industrial"
"4a6be397-8b8a-498f-a33c-c3a0787e8521",0,"1","TECT-0058-P",1,1,0,0,,1,"0",,0,0,200,200,,"HT Industrial"
"189f62d7-c316-4941-b188-f41d8136994d",1,"0",,0,0,6,6,,1,"0",,0,0,19.9,19.9,,"LT Industrial"
"c6e79194-947c-43cd-b2c9-c1931a8530b2",1,"0",,0,0,10,10,,1,"0",,0,0,80,80,,"LT Industrial"
"43f2ce83-9182-4879-a62e-488060e500b1",1,"0",,0,0,10,10,,1,"0",,0,0,40,40,,"LT Industrial"
"6d749810-7020-4c53-b5c5-eeb60b9f51ef",1,"0",,0,0,10,10,,1,"0",,0,0,60,60,,"LT Industrial"
"c21063e3-2a37-48df-8c66-d2c7dedcfdc3",1,"1",63051,3,3,0,0,,1,"0",,0,0,25,25,,"Non-Domestic"
"2a85ac17-6d06-409f-aaab-e7ce636292ee",0,"0",,0,0,0,0,,1,"0",,0,0,45,45,,"LT Industrial"
"116df267-7420-4221-a4a8-59fe73d86a3e",1,"0",,0,0,50,50,,1,"0",,0,0,50,50,,"LT Industrial"
"c590e754-e8ad-4454-b02c-0a2cdf87ec5d",1,"0",,0,0,10,10,,1,"0",,0,0,150,150,,"HT Industrial"
"4f434d0a-2ecc-43db-abf0-4b590a8f4220",1,"0",,0,0,4,4,,1,"0",,0,0,50,50,,"HT Industrial"
"548372b3-b8aa-408b-b6b2-ddc563621398",1,"0",,0,0,15,15,,1,"0",,0,0,15,15,,"Domestic"
"7318a736-c19c-469e-87b1-f4722db3927f",0,"0",,0,0,0,0,,1,"0",,0,0,50,50,,"Non-Domestic"
"ba96eb0f-4721-4711-833d-12427366e60a",0,"0",,0,0,0,0,,1,"1","F35MTHT0001",315,315,315,315,,"HT Industrial"
"e9866edb-94d6-4854-80fd-7bc90a26f5a7",1,"1","STCS-0192-F",15,15,15,15,,1,"0",,0,0,150,150,,"HT Industrial"
"7968b6c7-9666-4348-88d8-311accae659d",1,"0",,0,0,5,5,,1,"0",,0,0,40,40,,"HT Industrial"
"bd37cec5-8d05-4dbb-8eab-8dd520ce3511",1,"0",,0,0,9,10,,1,"0",,0,0,36,40,,"LT Industrial"
"b49c6e5e-dbfb-452c-97e3-4812221205a0",1,"0",,0,0,10,10,,0,"0",,0,0,0,0,,
"d1864c75-2475-461d-8ec4-4c3b4238a434",1,"0",,0,0,25,25,,1,"0",,0,0,300,300,,"HT Industrial"
"6ee9608c-5285-49e7-8fea-15b75f841ab1",1,"0",,0,0,9,9,,1,"0",,0,0,150,150,,"HT Industrial"
"f2bf1c1e-272d-4fe8-84a6-418930684648",1,"0",,0,0,3,3,,1,"0",,0,0,40,40,,"HT Industrial"
"af82796f-9010-4267-b618-b2874808dfac",0,"0",,0,0,0,0,,1,"1","cd410006l",49,49,49,49,,"LT Industrial"
"5f083261-2fd7-4595-8758-ae5ca83b4678",1,"0",,0,0,150,150,,1,"0",,0,0,150,150,,"LT Industrial"
"c0061201-6558-4692-9e91-1a25a0dedcb7",1,"0",,0,0,5,5,,1,"0",,0,0,25,25,,"HT Industrial"
"a54cbfd8-4832-4b30-9bc7-d098fb8dd85d",1,"0",,0,0,2,2,,1,"0",,0,0,40,40,,"LT Industrial"
"5166ad68-4369-4562-bdae-9bafa7e01eb7",1,"0",,0,0,3,3,,1,"0",,0,0,150,150,,"HT Industrial"
"2a6980c3-5537-410f-ba8f-9dc13fc4f18e",0,"1","F35-BTCS-0203",6,6,0,0,,1,"0",,0,0,150,150,,"HT Industrial"
"78efccb8-8fc5-49d9-a741-509e69ab42d9",1,"0",,0,0,5,5,,1,"0",,0,0,120,120,,"HT Industrial"
"d571c7f8-c2ef-44a7-b09b-44d7a7c2a345",1,"0",,0,0,8,8,,1,"0",,0,0,125,125,,"HT Industrial"
"aa659577-6f22-49a4-ba20-1140c7c0a4c7",1,"0",,0,0,5,5,,1,"0",,0,0,300,300,,"HT Industrial"
"b948d183-8ae5-4057-9e67-702842cd71c1",0,"0",,0,0,0,0,,0,"0",,0,0,0,0,,
"12607c99-df35-4cfe-8d1b-3c4a3576a53b",0,"1","SP-10-1001-M",10,10,0,0,,0,"1","SP-10-1001-M",10,10,0,0,,"Non-Domestic"
"a232bb9c-bacc-42af-8665-e7a739fe3a00",0,"0",,0,0,0,0,,1,"0",,0,0,276,249,,"HT Industrial"
"b734301e-e973-427c-b906-cd3762a22a8d",1,"0",,0,0,5,5.5,,1,"0",,0,0,50,55.5,,"LT Industrial"
"b83edb40-0d21-4620-8e45-eb197cdf7f7c",1,"0",,0,0,4,4,,1,"0",,0,0,125,125,,"LT Industrial"
"e91f580b-1cd0-40b5-8797-514cbc860b2b",1,"0",,0,0,5,5,,1,"0",,0,0,40,40,,"HT Industrial"
"1a50906c-5ac1-434c-9297-3fd4a59413f7",0,"0",,0,0,0,0,,1,"0",,0,0,360,400,,"LT Industrial"
"ebf4064c-f442-4c34-a23c-946ed407c75b",0,"0",,0,0,0,0,,0,"0",,0,0,0,0,,
"6bc74728-2308-4159-b732-e6f65a0c65f4",0,"0",,0,0,0,0,,1,"0",,0,0,70,70,,"LT Industrial"
"bc257c2f-e3c0-4b55-9843-b4948e1ec689",0,"0",,0,0,0,0,,1,"0",,0,0,250,250,,"LT Industrial"
"8eafa1ba-06d6-45d7-8201-1d32647a0af5",0,"0",,0,0,0,0,,1,"0",,0,0,100,100,,"LT Industrial"
"72bd7150-4fdf-4068-a20e-277707d7c421",1,"0",,0,0,5,5,,1,"0",,0,0,50,50,,"HT Industrial"
"ff21c77e-81bd-43d6-86f3-07aa28e79184",0,"0",,0,0,0,0,,1,"0",,0,0,200,200,,"HT Industrial"
"4e8bfab3-1cf3-4134-b623-8b75f02039ec",0,"0",,0,0,0,0,,1,"1","H34-SKH2-1",250,277,280,310,,"HT Industrial"
"81539c68-e8eb-4073-a614-33f16e605e91",0,"1","RD16-6252-F",6,6,0,0,,1,"1","RD16-6252-F",6,6,95,95,,"Domestic"
"416ff600-1057-4925-8ca1-7d2aaeb4bc09",0,"0",,0,0,0,0,,0,"0",,0,0,0,0,,
"f7dbd89c-562e-432b-9f60-cb714306523c",1,"0",,0,0,10,10,,1,"0",,0,0,100,100,,"LT Industrial"
"0b947bb3-fa27-4645-b6cc-958aa8e014ce",0,"0",,0,0,0,0,,0,"0",,0,0,0,0,,
"7146eb49-053a-46e6-b06b-1993e2eddc01",1,"0",,0,0,5,4,,1,"0",,0,0,250,230,,"HT Industrial"
"5d27ae81-3ad0-462c-b561-d122fd9d8ff0",0,"0",,0,0,0,0,,0,"0",,0,0,0,0,,
"081a15c5-2e5d-4585-873a-9dc8c552e302",0,"0",,0,0,0,0,,1,"0",,0,0,199,160,,"HT Industrial"
"fa06cc73-cc7c-4fe5-a344-961ebae7d8f8",1,"0",,0,0,5,5,,1,"0",,0,0,59,59,,"LT Industrial"
"4c1a5868-464b-4f66-906a-ab59b9f7a924",1,"0",,0,0,4,4,,1,"0",,0,0,100,100,,"HT Industrial"
"fd034053-f1fb-4eb3-a28d-41b9b7a2eb17",0,"1","BTCS-0083-P",2,2,0,0,,1,"0",,0,0,105,105,,"HT Industrial"
"cf2f1d1a-3b4e-401d-8a6d-d69fe0facee3",1,"0",,0,0,5,5,,1,"0",,0,0,100,100,,"LT Industrial"
"a73a4ab4-e7e9-4a0a-be4a-aa48f7fc7dcf",1,"0",,0,0,10,10,,1,"0",,0,0,100,100,,"LT Industrial"
"aeed4da1-0254-47b2-97f5-aa603299913e",0,"1","F42-GLHT-0015",450,500,0,0,,0,"1","F42-GLHT-0015",450,500,0,0,,"HT Industrial"
"e5733562-5640-49d3-b634-e0e5324cbfd5",1,"0",,0,0,2,2,,1,"0",,0,0,50,50,,"HT Industrial"
"89380531-5609-4470-8905-8bbda6af0d7a",1,"0",,0,0,5,5,,1,"0",,0,0,100,100,,"HT Industrial"
"75ab80b3-64a7-46fe-8f28-f1133182bb26",1,"1","BTCS-016B-L",2,2,2,2,,1,"0",,0,0,50,50,,"LT Industrial"
"06bce9d6-d123-4945-8f0e-3d2a3a55c285",0,"1","H12Ls010194A",2250,2500,0,0,,0,"0",,0,0,0,0,,
"fdd8d1b3-ad97-4f50-b71a-302efba3ed2b",1,"1","F42TC210122",10,11,250,277,,0,"0",,0,0,0,0,,
"289031b0-e842-4b2b-b993-53f11e00fc03",0,"0",,0,0,0,0,,0,"0",,0,0,0,0,,
"6ea56a12-e046-4f60-9f0e-214d22716474",1,"0",,0,0,5,5,,1,"0",,0,0,50,50,,"LT Industrial"
"0e297af8-61fc-4b2f-ad0e-8ead8de8e366",1,"0",,0,0,10,10,,1,"0",,0,0,200,200,,"HT Industrial"
"14ba1854-0bdb-4e40-a2eb-31d833536609",1,"0",,0,0,5,5,,1,"0",,0,0,100,100,,"LT Industrial"
