"0abc0988-2888-4181-96af-402730076f4a",0,0,0,0,0,0,0,0,"Muncipal Water Supply","Other",0,0,0,0,,,,"(to be declared)"
"ecc66538-1142-4ac1-b52d-f32bdffa3c2d",0,50,27,0,0,15,15,0,"Muncipal Water Supply","Sewer",0,0,0,0,,,,
"2441f2fe-9398-4521-b2c8-752fd27d09e9",0,0,6000,100,0,0,0,100,"Tubewell","Sewer",0,0,0,0,,,,
"46f5f83a-51b7-4f91-a725-b0d7c3f9312e",800,0,0,0,800,0,0,0,"Canal Water","Other",0,0,0,0,,,,"fertiliser"
"85e2ca56-15b1-424b-bc7c-4eeb03cf997d",5000,1000,200,0,4000,0,0,0,"Tubewell","Sewer",0,0,0,0,,,,
"bae0956d-b258-4b61-a5a0-f3db58058387",1,0,0,0,0.1,0,0,0,"Muncipal Water Supply","Sewer",0,0,0,0,,,,
"bb8fb56f-ffce-49bb-8ab6-503478414bff",100,100,100,100,100,100,100,100,"Other","Other",0,0,0,0,,,"Not applicable","Not applicable"
"03761f5f-f592-4066-83be-08ad48149fba",0.01,0.01,0.01,0,0.002,0.002,0.002,0.002,"Muncipal Water Supply","Sewer",0,0,0,0,,,,
"d490326b-b6ed-452f-bb26-575ae8ef9c54",1,11,1,1,1,1,1,1,"Tubewell","Onto Land for Irrigation/plantation",0,0,0,0,,,,
"24097868-cafd-46f4-b9b4-15037272b6a0",10,8,2,0,2,1.5,0.5,0,"Tubewell","Other",0,0,0,0,,,,"OTHER"
"a86b8b8c-1e3e-47e8-913e-afe2ef37b40f",0,0,0,0.1,0,0,0,0,"Tubewell","Other",0,0,0,0,,,,"no waste"
"6e3d61d7-8976-452b-99ef-fd12e3c7048d",0,0,1,0,0,0,0,0,"Tubewell","Other",0,0,0,0,,,,"Zero Liquid Discharge"
"0fab76ba-2f3a-4ae8-8ffe-d2943aa29092",1,1,0,0,0,0,0,0,"Muncipal Water Supply","Other",0,0,0,0,,,,"NOT APPLICABLE"
"9e16fac1-a533-4928-b247-0f8b7d98a0ea",12,11,10,1,1,1,1,1,"Other","Other",0,0,0,0,,,"water","afg"
"9dbdeca3-f31b-4bbd-b1ee-f4e51c99a430",0,0,0,0.1,0,0,0,0,"Tubewell","Other",0,0,0,0,,,,"no waste"
"b83f8478-5ef1-4121-b85a-cf23a210dc82",0,0,0.5,0,0,0,0.2,0,"Tubewell","Sewer",0,0,0,0,,,,
"5f882ed6-5174-48a1-9652-23a764f83a96",0.1,0,0,0.1,0,0,0,0,"Muncipal Water Supply","Other",0,0,0,0,,,,
"6cef84e8-6e3a-4863-908f-8055d8b1c349",0,0,0.5,0,0,0,0.2,0,"Tubewell","Sewer",0,0,0,0,,,,
"2ee32516-bf84-4e48-8d33-11926813b225",1,1,100,1,1,1,100,1,"Other","Sewer",0,0,0,0,,,,
"91fcca6a-f293-43a9-85aa-98bf09b179d0",45,66,65,646,464,56,566,64,"Tubewell","Sewer",0,0,0,0,,,,
"8d50fe24-46c2-4dc9-bc5f-14d18f7ba89e",0,50,5,0,0,0,2.5,0,"Muncipal Water Supply","Sewer",0,0,0,0,,,,
"01992f95-ab03-4501-9d13-1e7a2f9ef764",40,0,0,0,0,0,0,0,"Muncipal Water Supply","Sewer",0,0,0,0,,,,
"0412b0d6-5177-4b48-abf4-340f9eb1527c",0.1,0.2,0.2,0.1,0.05,0.1,0.1,0.05,"Tubewell","Sewer",0,0,0,0,,,,
"244c6cdc-0bf8-4381-ab60-b6bbfd027f76",0,0,0,225,0,0,0,0,"Muncipal Water Supply","Onto Land for Irrigation/plantation",0,0,0,0,,,,
"b19a6156-48cd-4c09-986b-ccfcd8331090",0,195,12,683,8.5,20,10,0,"Muncipal Water Supply","Sewer",0,0,0,0,,,,
"0459d602-24aa-4383-99f2-ba8713b91c0e",50,30,20,0,20,0,20,0,"Muncipal Water Supply","Sewer",0,0,0,0,,,,
"32626507-6ba9-4030-945a-dc0ab2bfd45d",0,0,0,0,0,0,0,0,"Muncipal Water Supply","Onto Land for Irrigation/plantation",0,0,0,0,,,,
"8961a66f-82d2-4226-b862-0e6c26e7e6aa",0,0,0,0,0,0,0,0,"Tubewell","Sewer",0,0,0,0,,,,
"62c366b0-a61d-4183-92a1-1e9e86f4cbab",0,0,60,0,0,0,0,0,"Muncipal Water Supply","Sewer",0,0,0,0,,,,
"52c608aa-3ed5-4476-a4ae-9ef898078c97",10,20,10,1,1,1,1,1,"Tubewell","Sewer",0,0,0,0,,,,
"777bf05a-8c5b-4d0c-90f1-d34b26bdd71e",50,30,20,0,20,0,20,0,"Muncipal Water Supply","Sewer",0,0,0,0,,,,
"a4361d22-0b39-4aed-b675-a0a7a0544a30",5000,1500,1000,0,2000,1000,0,0,"Tubewell","Sewer",0,0,0,0,,,,
"ed1887e5-fcae-4831-9820-8d9d8575893d",0,1,0,1,0,0,0,0,"Muncipal Water Supply","Sewer",0,0,0,0,,,,
"d24441e2-05b7-4451-a74e-b06dbf2830f4",0.1,0.2,0.2,0.1,0.05,0.1,0.1,0.05,"Tubewell","Sewer",0,0,0,0,,,,
"920dec95-7ec1-41ab-9e19-a2e2f36a064d",0.2,0.5,1.5,0,0,0.5,1.5,0,"Muncipal Water Supply","Sewer",0,0,0,0,,,,
"d17d55eb-4b00-400f-bc2d-821bb61abd63",0,0,0,0,0,0,0,0,"Other","Other",0,0,0,0,,,,
"7f7944e6-57cd-4240-9221-51df063dcfbb",0,0,1,0,0,0,0.75,0,"Muncipal Water Supply","Sewer",0,0,0,0,,,,
"1ae511a7-2216-4c6a-9ea9-a5e3a4d705b6",0,0,0,0,0,0,0,0,"Tubewell","Sewer",0,0,0,0,,,,
"3117be89-a4a2-4f0a-85f6-edb700bb8362",0.1,0.1,0.6,0.2,0.3,0,0,0,"Muncipal Water Supply","Sewer",0,0,0,0,,,,
"6003f175-b812-4941-a089-635a4d5ff8c2",90,14,26,0,104,14,6,84,"Other","Onto Land for Irrigation/plantation",0,0,0,0,,,"HSIIDC",
"033450fe-3454-4801-bae2-58aea5b64e6b",0,0,2.5,0,0,0,0.1,0,"Muncipal Water Supply","Sewer",0,0,0,0,,,,
"aa35addd-3d5e-4fcf-93cd-06e9e345c4d2",6,2,1,0,5,1,0.5,0,"Other","Sewer",0,0,0,0,,,"HSIIDC",
"458a5675-82a7-435c-81d1-de95a280f28c",0,0,0,0,0,0,0,0,"Other","Other",0,0,0,0,,,,
"f3bfca02-0d66-4827-8834-715b1cf238a3",0,0,0,0,0,0,0,0,"Muncipal Water Supply","Sewer",0,0,0,0,,,,
"a77cfb6f-f716-4cea-b1ad-c5f8f3445bad",12,15,5,3,10,5,5,5,"Muncipal Water Supply","Sewer",0,0,0,0,,,,
"3df942e7-a1d8-40c5-996f-2302abc4a1ef",0,0,1,0,0,0,0.3,0,"Muncipal Water Supply","Sewer",0,0,0,0,,,,
"6a23a995-1995-49e6-8ea6-241ade364562",0,0,1,0,0,0,0,0,"Muncipal Water Supply","Sewer",0,0,0,0,,,,
"6eb0be0b-284c-48cf-a96c-ae6a7bf809c3",2,0,1,0,0,0,1,0,"Muncipal Water Supply","Sewer",0,0,0,0,,,,
"f0e80667-0d2b-408d-b4f0-7e4be1464b34",0,15,5,1,0,15,2,0.5,"Tubewell","Onto Land for Irrigation/plantation",0,0,0,0,,,,
"d0d1c4be-e098-4c2d-950f-0df1e24962c4",0,3,1,0,0,3,1,0,"Tubewell","Other",0,0,0,0,,,,"NO DISCHARGES"
"d7bd08d1-3d14-4ab4-8340-b90f20449a50",10,0,7,0,1,0,0,0,"Other","Sewer",0,0,0,0,,,"HSIIDC",
"e4370b6b-07e8-4d2b-a024-5e6fe798151a",0,0,0,0,0,0,0,0,"Muncipal Water Supply","Other",0,0,0,0,,,,"Medical solids waste shall be incinerated in a remote incinerator"
"f61fc5d7-da85-4688-8457-279f67ec75c7",10000,4000,3000,3000,2000,1000,500,500,"Tubewell","Other",0,0,0,0,,,,"Others"
"79632f07-bad4-4737-94aa-22251d4faab9",0,500,0,0,0,100,0,0,"Tubewell","Onto Land for Irrigation/plantation",0,0,0,0,,,,
"1ebffc39-1e6c-4489-b4bd-7812489f1dd0",6000,0,0,0,3000,0,0,0,"Tubewell","Sewer",0,0,0,0,,,,
"9ee8af96-6f36-4407-8a33-5f3992bd844f",0,0,445,0,0,0,0,0,"Tubewell","Sewer",0,0,0,0,,,,
"373c949a-1449-4760-8a64-a0d5dedda49d",30,1,3,0,30,1,3,0,"Muncipal Water Supply","Sewer",0,0,0,0,,,,
"62c5e6b7-8b9f-4e4f-865c-670e296221b5",0,5,1,0,0,0,0.5,0,"Tubewell","Other",0,0,0,0,,,,"IRRIGATION"
"557f36d4-ad50-4667-81f3-f5ef770e88f2",1000,500,300,200,0,0,0,0,"Muncipal Water Supply","Sewer",0,0,0,0,,,,
"c79cfa4d-2f05-456f-a839-c86116df6abc",0,0,0,0,0,0,0,0,"Other","Other",0,0,0,0,,,"SUPPLY",
"9667c03f-61bb-40b6-a265-ffeae1c04655",0,0,610,0,0,0,0,0,"Tubewell","Sewer",0,0,0,0,,,,
"9dfc28f2-ac4b-43fb-bf18-28171200c291",100,50,50,25,10,5,5,2,"Other","Sewer",0,0,0,0,,,"TUBEWELL",
"68d81dba-b2e2-4d31-937f-af5d59d18ad8",100,50,50,25,10,5,5,2,"Tubewell","Sewer",0,0,0,0,,,,
"0fef0b03-f601-4d7f-869f-55cf563cac93",10,1,5,1,4,1,3,0,"Other","Sewer",0,0,0,0,,,"HSIIDC",
"b3d017b6-550b-4c72-90b5-eea08bb4e68c",70,0,0,0,0,0,0,0,"Tubewell","Onto Land for Irrigation/plantation",0,0,0,0,,,"Ground Water",
"3a026a95-d79d-4718-a952-446f903b5538",10,0,0,0,0,0,0,0,"Other","Other",0,0,0,0,,,"HSIIDC","Other"
"0c7dec86-33df-4f9b-96e7-3fb637084faf",70,0,0,0,0,0,0,0,"Tubewell","Other",0,0,0,0,,,,"N.A"
"4b4737cb-9875-4354-a000-741ab12db962",7,0,0.8,0,0,0,0.05,0,"Tubewell","Onto Land for Irrigation/plantation",0,0,0,0,,,,
"c8656d53-751f-46f5-9a98-e8ca716548cd",51,1368,151,0,10,72,136,0,"Tubewell","Onto Land for Irrigation/plantation",0,0,0,0,,,,
"6c973498-ffca-4d60-9e7e-1fce835efea4",10,0,0,0,0,0,0,0,"Muncipal Water Supply","Sewer",0,0,0,0,,,,
"dcd81815-be06-4381-937c-031ade220575",10,0,0,0,0,0,0,0,"Muncipal Water Supply","Sewer",0,0,0,0,,,,
"b918b752-2a6d-40a0-84f0-dfc7c6104851",1,0,1,0,0,0,0,0,"Tubewell","Other",0,0,0,0,,,,"SEPTIC TANK"
"fc33388b-4462-48fa-b71b-5e69a19e4642",0,25,2,0,0,25,1,0,"Tubewell","Onto Land for Irrigation/plantation",0,0,0,0,,,,
"d5fe1a79-511d-4870-b220-843f34127f5d",1,0,0,0,0.5,0,0,0,"Tubewell","Sewer",0,0,0,0,,,,
"5cb834bc-7d1e-403c-9b6b-1b68f69c7ca2",10,5,2,3,10,5,2,3,"Tubewell","Sewer",0,0,0,0,,,,
"77244da8-75f6-40f2-a57f-7440e5123d7a",0,300,0,0,0,100,0,0,"Muncipal Water Supply","Other",0,0,0,0,,,,
"ec07141b-de1a-4561-8ea8-ba1bed4cef48",16,0,10,0,0,0,10,0,"Tubewell","Other",0,0,0,0,,,,"SLUDGE"
"6bced942-8e82-4124-902e-bdbfd0f0740f",10000,10000,0,0,0,0,0,0,"Tubewell","Other",0,0,0,0,,,,"Recycle"
"38134ec9-3098-4c48-8cf4-9877297bd507",500,0,0,200,100,0,0,100,"Canal Water","Other",0,0,0,0,,,,100
"e679b875-754b-49cf-a0ab-1826ae95db79",0,3,0,7,0,0,0,2,"Muncipal Water Supply","Sewer",0,0,0,0,,,,
"c7f12334-6bfa-4402-9a30-71f4764d72a0",400,0,0,200,200,0,0,100,"Other","Other",0,0,0,0,,,500,
"56fd0313-c052-4e28-b6af-00d055492318",2,2,7,0.5,0.5,0,5,0.5,"Muncipal Water Supply","Sewer",0,0,0,0,,,,
"9a87b153-183f-4f36-b23e-97a8cd5643f7",400,0,0,200,200,0,0,100,"Canal Water","Other",0,0,0,0,,,,100
"c0059bf5-1c06-4a98-8cca-665e3a903881",400,0,0,200,200,0,0,100,"Canal Water","Other",0,0,0,0,,,,100
"6c911afa-2aa1-43a8-9a46-0f7bd30edd5e",800,0,200,0,0,0,0,0,"Other","Sewer",0,0,0,0,,,"HSIIDC SUPPLY",
"dbd3029e-5208-427c-aaf4-3015a86af408",1,1,1,1,1,1,1,1,"Tubewell","Sewer",0,0,0,0,,,,
"1e224682-9df5-4194-be1e-f09e27e81e80",2000,0,200,1000,200,0,150,950,"Canal Water","Other",0,0,0,0,,,,"Tank"
"8b30dc6f-1e41-4089-8c92-31c0552295b5",30000,0,30000,0,12000,0,12000,0,"Tubewell","Onto Land for Irrigation/plantation",0,0,0,0,,,,
"f634ccd2-7c16-4734-b12d-89bf2e756cb9",0,0,2,0,0,0,0,0,"Tubewell","Other",0,0,0,0,,,,"septic tank"
"1ee6ed28-3d98-45d1-b46f-9f8c62bc80c8",0,5000,0.5,1,0,3000,0.35,0.9,"Tubewell","Other",0,0,0,0,,,,"recirculation"
"5f80764f-ff38-402a-bf97-1acb567bd723",0,0,0,0,0,0,0,0,"Tubewell","Sewer",0,0,0,0,,,,
"699da153-07d2-4d33-83ae-c5291b48c1a2",1000,200,700,100,1000,1,1,1,"Muncipal Water Supply","Sewer",0,0,0,0,,,,
"2f0d8a54-cdc3-486f-8605-920c415b813c",0,0,0,0,0,0,0,0,"Other","Other",0,0,0,0,,,"NA1","NA1"
"b4f2ef63-e257-4600-af4b-ba43b866691e",60000,50000,3000,2000,100000,2000,1000,1000,"Muncipal Water Supply","Onto Land for Irrigation/plantation",0,0,0,0,,,,
"e73c5f98-89ad-4e53-a53c-c5f78a9e9caf",5,2,2,1,5,2,2,1,"Tubewell","Sewer",0,0,0,0,,,,
"c9127ae9-b42c-4f08-823f-63055369f60a",0,0,2,0,0,0,1,0,"Tubewell","Onto Land for Irrigation/plantation",0,0,0,0,,,,
"23f59a9a-cf09-4000-aef3-749dc87e28c7",0,0.5,0.5,0,0,0,0.5,0,"Muncipal Water Supply","Onto Land for Irrigation/plantation",0,0,0,0,,,,
"b4b13b25-e07c-4c53-895b-066147cc22da",0,0,0,0,0,0,0,0,"Other","Sewer",0,0,0,0,,,"HSIIDC",
"c57b779a-2964-4985-a580-60035ac46e6d",0,0,100,0,0,0,0,0,"Other","Other",0,0,0,0,,,"HAND PUMP","SAFETY TANK"
"0c45e3ba-74e4-4f6d-9132-00c10ed1b9e8",1,0,0,0,0,0,0,0,"Tubewell","Other",0,0,0,0,,,,"NOT APPLICABLE"
"27781ccc-4d46-4ea2-b50a-2e518579a65d",100,0,0,0,0,0,0,0,"Other","Other",0,0,0,0,,,"HSIIDC","other"
"36e05f81-906c-4e13-922d-96170ce2401c",10,0,40,2,10,0,40,2,"Tubewell","Sewer",0,0,0,0,,,,
"3a57429f-5d98-4ab3-b4db-868cdabc8240",50,0,0,0,0,0,0,0,"Tubewell","Sewer",0,0,0,0,,,,
"aceaf66b-2d57-44a5-a6fa-9586ed6147e6",45,5,21,4,0,0,10,0,"Other","Onto Land for Irrigation/plantation",0,0,0,0,,,"Submersible Pump",
"a623f151-f3fd-4df0-bb06-d49b09c0053c",0,0,0,0,0,0,0,0,"Other","Other",0,0,0,0,,,"NOT APPLICABLE","NOT APPLICABLE"
"3ea5d4ea-ecc9-4556-b633-b52d43968121",2,0,2,0,1,0,1,0,"Tubewell","Other",0,0,0,0,,,,
"d46afcd8-fcbe-42df-9b25-32f1b7d124db",0,0.04,0.5,0,0,0,0,0,"Tubewell","Onto Land for Irrigation/plantation",0,0,0,0,,,,
"4ef4e1b2-8735-4c7b-907f-abfd2aa79346",50,0,0,0,0,0,0,0,"Muncipal Water Supply","Sewer",0,0,0,0,,,,
"523c07f9-a654-45e8-b523-d6b2edc1f6e2",1000,0,0,0,0,0,0,0,"Other","Other",0,0,0,0,,,"HSIIDC","other"
"8ce7ae09-2a4c-4b79-9d4e-ba0a30904379",500,0,0,0,100,0,0,0,"Tubewell","Sewer",0,0,0,0,,,,
"c316b15d-fa63-42c8-a8d6-b1e6d7b5c8b2",100,80,10,10,100,80,10,10,"Other","Sewer",0,0,0,0,,,"PWD B AND R","OTHER"
"a08cde36-78a3-43e8-8a86-de6f409a5c00",200,0,0,0,0,0,0,0,"Other","Other",0,0,0,0,,,"HSIIDC","other"
"90fd67a5-94b6-4083-85a2-3e1e98e6b6bb",1,0,1,0,0.25,0,0.25,0,"Tubewell","Sewer",0,0,0,0,,,,
"7f3ee6af-3862-46c8-b99c-f747644d5329",0,0,1,0,0,0,0.5,0,"Muncipal Water Supply","Sewer",0,0,0,0,,,,
"97215895-58ce-4d31-8af4-8559bdf2197e",0,0,0,100,0,0,0,100,"Tubewell","Onto Land for Irrigation/plantation",0,0,0,0,,,,
"843133a6-8d4b-4edc-b26a-24b46a60b4fa",20000,100,2000,100,20000,100,2000,100,"Muncipal Water Supply","Sewer",0,0,0,0,,,,
"97809672-4335-4248-a36b-10367e6153d2",0,0,0,1,0,0,0,0,"Tubewell","Other",0,0,0,0,,,,"Not applicable"
"56e4887b-8e6f-4e14-a6df-df99976ce3a9",100,0,0,0,0,0,0,0,"Muncipal Water Supply","Sewer",0,0,0,0,,,,
"d6c49391-7f58-4ffb-b3bd-d77aefa54294",65,10,40,40,65,10,40,40,"Tubewell","Other",0,0,0,0,,,,
"ada9235e-4e5a-48e9-95fa-a98be34e30bc",0,0,2,0,0,0,0,0,"Tubewell","Onto Land for Irrigation/plantation",0,0,0,0,,,,
"7742b89a-a7f1-4ecc-99c7-eb6273bc7a86",0,0,1,0,0,0,0.5,0,"Tubewell","Onto Land for Irrigation/plantation",0,0,0,0,,,,
"6d60217a-dfcd-4ead-9ccc-1d549edeacab",0,0,0,0,0,0,0,0,"Other","Other",0,0,0,0,,,,"Not applicable"
"3ea116dd-0fbb-474f-a606-7bc0842108b5",0,0,0,0,0,0,0,0,"Other","Other",0,0,0,0,,,,"Not Applicable"
"9b98f398-952b-41f7-88a0-058287d5d790",2,0,2,0,0,0,2,0,"Tubewell","Sewer",0,0,0,0,,,,
"6a13fb0a-b6b2-4ac5-bbb4-c3afa4339dec",6,0,0,0,0,0,0,0,"Tubewell","Other",0,0,0,0,,,,"Not Applicable"
"7c0a794f-7646-411d-b8e7-5e8b0d2653e6",4.5,0,0.5,0,2,0,0.3,0,"Other","Sewer",0,0,0,0,,,"HSIIDC",
"4987b8a3-664f-407f-96d4-1d0f9accef96",0,2,3,0,0,0,0.6,0,"Other","Other",0,0,0,0,,,"Through Tankers and pipeline","Septic Tank"
"315e809c-f2ae-406a-8d5d-bfa359c659b3",30,20,0,0,10,10,0,0,"Muncipal Water Supply","Sewer",0,0,0,0,,,,
"ad59828a-47bf-4906-8260-3e69f48976e4",0,2,3,0,0,3,2,0,"Other","Sewer",0,0,0,0,,,"Septic Tank",
"5dcaf763-5f7f-4d9d-ba37-3d05761e1caa",0,0,30500,0,0,0,30500,0,"Muncipal Water Supply","Sewer",0,0,0,0,,,,
"4a04f34b-e84a-460d-9a6f-cd2e2cbca8fb",40,0,5,21,6,0,3,4,"Tubewell","Other",0,0,0,0,,,,"Recirculation"
"19a64197-0690-4872-b1cd-2d557e5c90de",5000,4000,0,1000,100,0,0,0,"Tubewell","Sewer",0,0,0,0,,,,
"9efc940c-a5a1-4552-b463-8bad4b1efa3d",50,20,0,0,20,5,0,0,"Muncipal Water Supply","Sewer",0,0,0,0,,,,
"6514267e-3427-4eba-bea8-f09106d35023",50,0,0,0,5,0,0,0,"Muncipal Water Supply","Onto Land for Irrigation/plantation",0,0,0,0,,,,
"5066dad0-9ef9-46b0-ad08-2e4bb374effa",10,1,1,1,2,0,0,0,"Other","Sewer",0,0,0,0,,,"Through HSIIDC",
"f55f81d8-f81f-440e-82f9-22bd7ca674f2",500,0,100,0,0,0,0,0,"Muncipal Water Supply","Sewer",0,0,0,0,,,,
"576a2bb8-07c7-46b2-8628-f840b7e65c54",3,5,0.5,0.1,0,0,0,0,"Tubewell","Sewer",0,0,0,0,,,,
"03acd9d5-0d5c-4c4b-a58a-ea9eee8e81c4",0,0,1,0,0,0,0.3,0,"Muncipal Water Supply","Sewer",0,0,0,0,,,,
"c837866e-4fdf-41d5-8b70-b9f4d9f23c8e",2,0,0,2,0,0,0,0,"Tubewell","Other",0,0,0,0,,,,"other"
"ecf9e77f-79ab-4b08-9eb4-b8daa4e32b92",100,1,1,1,100,1,1,1,"Tubewell","Sewer",0,0,0,0,,,,
"df6d4215-3769-40fd-b65a-33e0897fcc80",0,0,0,0,0,0,0,0,"Muncipal Water Supply","Sewer",0,0,0,0,,,,
"7cfba720-2ca6-447f-96bf-c576501ffa0a",0,0,2.5,0,0,0,1,0,"Tubewell","Sewer",0,0,0,0,,,,
"c9fb21ac-590b-49cb-8c4f-12e2e9a9f1f1",3000,1500,300,1200,2000,750,50,400,"Canal Water","Sewer",0,0,0,0,,,,
"6a3bf991-350e-4fcb-a969-4f343654d241",0,0,2,0,0,0,0,0,"Other","Onto Land for Irrigation/plantation",0,0,0,0,,,"Tanker",
"59c0eef8-e5d7-4ace-83d2-4b8772968560",1,1,1,1,1,1,1,1,"Other","Sewer",0,0,0,0,,,"REQUEST FOR WATER SUPPLY",
"c05d788a-6069-46e5-8217-64c94618540d",0,0.2,0.1,0,0,0,0.07,0,"Tubewell","Onto Land for Irrigation/plantation",0,0,0,0,,,,
"a289ac4f-c0a6-4ecf-aa1d-5825ee069af8",1875,100,15,50,1875,20,15,10,"Tubewell","Onto Land for Irrigation/plantation",0,0,0,0,,,,
"ec73664f-18a5-40d4-a6fa-d5c84ad8b47d",10,0,0,0,0,0,0,0,"Muncipal Water Supply","Onto Land for Irrigation/plantation",0,0,0,0,,,,
"f067f4bf-4dd2-4973-97e9-c4fad482d9fd",298.5,0,1.5,0,90,0,0,0,"Other","Onto Land for Irrigation/plantation",0,0,0,0,,,"Borewell",
"6c525626-7566-4650-a2a1-d0f512aaff6a",15,5,5,5,0,0,0,0,"Other","Sewer",0,0,0,0,,,"HSIIDC",
"5146df49-f63e-4766-adcf-6220f73f43fe",0,1000,300,0,0,0,100,0,"Tubewell","Onto Land for Irrigation/plantation",0,0,0,0,,,,
"e30517da-3881-4b3e-8f0f-42a51d23c82f",15,5,5,5,0,0,0,0,"Muncipal Water Supply","Sewer",0,0,0,0,,,,
"c54b4dd4-913d-4c7a-a9d2-f0c2e45eb81f",2,0.5,0.1,1,0.2,0.002,0.02,0.4,"Tubewell","Sewer",0,0,0,0,,,,
"425d4d72-5d5d-428f-ac2d-d2b979c236f7",2,0.5,0.1,0.01,0.2,0.002,0.02,0.04,"Tubewell","Sewer",0,0,0,0,,,,
"8c11832a-f6f8-4e98-b2ea-3693a9dd1884",0,0,0.02,0,0,0,0,0,"Tubewell","Sewer",0,0,0,0,,,,
"890feef1-6ab2-46eb-b8b5-dd6f52ef64ec",15,5,5,5,15,5,5,5,"Muncipal Water Supply","Other",0,0,0,0,,,,"ETP/GARDEN"
"10a5b1ce-0a73-44f8-a464-62174207c404",2,0,2,0,0,0,0,0,"Other","Other",0,0,0,0,,,"Tanker","Septic Tank"
"8d53423c-f4c6-4d44-9f66-3e73cd8b526f",2,0,2,0,0,0,0,0,"Other","Other",0,0,0,0,,,"Tanker","Septic Tank"
"28fd47f9-c0e8-40b0-b666-f22f01e7617c",0,0,1,0,0,0,0,0,"Other","Other",0,0,0,0,,,,
"8f4fb0cc-8e92-462b-a5fa-ee30571bfb38",0.2,0.5,0.1,0,0.2,0.002,0.02,0,"Tubewell","Sewer",0,0,0,0,,,,
"224edc8e-0613-42ac-9cee-9861e1b61397",50,10,10,30,50,10,10,30,"Tubewell","Onto Land for Irrigation/plantation",0,0,0,0,,,,
"d9ad3971-af61-4ca7-bdde-7b6d55945755",0,0,0,1,0,0,0,0,"Other","Other",0,0,0,0,,,"Summer Ciwell ï¿½","other"
"0690455d-27c2-4464-a455-40d992f0219c",1,1,1,1,1,1,1,11,"Tubewell","Sewer",0,0,0,0,,,,
"688190be-306d-4720-b63b-50d00b0d8f6e",10,3,2,5,11,0.5,2,4.5,"Tubewell","Onto Land for Irrigation/plantation",0,0,0,0,,,,
"b21838be-29af-4460-bd8e-dcf6eae0815a",10,10,10,10,10,10,10,10,"Tubewell","Sewer",0,0,0,0,,,,
"6b7ae487-1f69-4ad4-89c1-59967f98b183",2,2,2,1,1,1,1,1,"Tubewell","Sewer",0,0,0,0,,,,
"4e7b3129-a8d6-4f99-aeb6-c20732a4a287",0,4,0.5,0,0,0,0.2,0,"Tubewell","Other",0,0,0,0,,,,"SEPTIC TANK"
"f452dbaf-6faf-411f-a450-dbf3639977ee",0,0,0.6,0.6,0,0,0.6,0.6,"Tubewell","Sewer",0,0,0,0,,,,
"787aaff0-ec95-43b3-9ff1-69a73619fb24",0,0.5,0.5,0,0,0,0.5,0,"Canal Water","Onto Land for Irrigation/plantation",0,0,0,0,,,,
"0747043f-6405-479e-a655-9d117c9fd419",1,1,1,0,0.2,0.2,0.2,0,"Canal Water","Sewer",0,0,0,0,,,,
"511c0f40-aea6-47e4-a67f-d93e1b270c97",25,5,10,0,15,2,8,0,"Tubewell","Sewer",0,0,0,0,,,,
"d0f5e84a-e36d-44eb-a14b-370ed9241dfe",0,0,0,0,0,0,0,0,"Muncipal Water Supply","Sewer",0,0,0,0,,,,
"c146f459-a323-40c5-984f-7481a35bca3a",100,10,50,0,10,2,10,0,"Tubewell","Onto Land for Irrigation/plantation",0,0,0,0,,,,
"853244d9-1fc2-4241-8363-32c90247bb1d",0.5,0.4,0.3,0.3,0.3,0.1,0.2,0.11,"Canal Water","Sewer",0,0,0,0,,,,
"f669cdd5-9a65-4c13-81d5-07db581bdc9f",1,0,0,0,0,0,0,0,"Other","Other",0,0,0,0,,,"Tubewell","Tank"
"44778348-099f-4262-807d-11bbdcf20418",12,0,2,1,0.5,0,0.2,0,"Tubewell","Onto Land for Irrigation/plantation",0,0,0,0,,,,
"661f1179-4361-464c-ba56-02cafd484fb8",12,12,12,12,12,12,121,12,"Tubewell","Sewer",0,0,0,0,,,,
"ea2763a9-5819-4e1b-bb89-812a99e10d64",2,1,1,0,0.05,0,0.02,0,"Tubewell","Other",0,0,0,0,,,,"Irrigation"
"c4408e9a-eaf7-4c94-afba-33a68eab1428",6,0,1,0,0,0,0,0,"Tubewell","Onto Land for Irrigation/plantation",0,0,0,0,,,,
"a60c53e7-d3ec-4d09-9ed6-00d6059b04f7",1,1,1,0,0.02,0,0.02,0,"Tubewell","Sewer",0,0,0,0,,,,
"a272387e-3fbc-405a-b073-8ff78528f551",0,10,25,5,0,5,18,0,"Other","Onto Land for Irrigation/plantation",0,0,0,0,,,"HSIIDC",
"26429a7c-709e-422a-b3f2-e0406335ee42",0.1,0.1,0.1,0,0,0,0,0,"Muncipal Water Supply","Other",0,0,0,0,,,,"dustbin"
"d9d67f94-3a45-43e6-94a8-8e6477f2eebd",15,0.1,0.2,0,0.1,0,0.1,0,"Tubewell","Onto Land for Irrigation/plantation",0,0,0,0,,,,
"017d266e-2f22-4350-a1b5-4d2b293d431e",850,0,9,41,0,0,9,600,"Other","Other",0,0,0,0,,,"HSIIDC CONNECTIONS","HSIIDC SEWER AND GARDENING"
"34c21aee-f5e8-4850-8a13-4183552fd219",5,0,1,4,0,0,0,0,"Tubewell","Other",0,0,0,0,,,,"Septic Tank"
"f0a8b4df-8858-474c-9dbb-d39283261e28",50,20,30,10,40,2,24,0,"Other","Onto Land for Irrigation/plantation",0,0,0,0,,,,
"e242a4cf-4d6b-423b-a7c2-0a982e21a91d",4000,0,0,0,4000,0,0,0,"Tubewell","Other",0,0,0,0,,,,"Tank"
"d1761e86-1a53-4566-88d7-1c0685af3289",0,0,1,1,0,0,0.01,0.01,"Tubewell","Other",0,0,0,0,,,,"Recycle"
"cce97b6f-f38b-4349-ba45-66d22fc4f027",10,0,10,0,0,0,0,0,"Muncipal Water Supply","Onto Land for Irrigation/plantation",0,0,0,0,,,,
"68e7f6e0-4282-4747-94b6-57439aa4a929",0,0,1,0,0,0,0,0,"Muncipal Water Supply","Sewer",0,0,0,0,,,,
"5266ed41-9fd2-40f9-afcf-eb485ce97544",10,64,80,1,10,17,68,1,"Tubewell","Other",0,0,0,0,,,,"Recycle"
"72a2f456-ceb7-44e5-921c-4df15d9ec4a7",1,0.25,0.05,0.01,0.2,0.002,0.02,0.04,"Tubewell","Sewer",0,0,0,0,,,,
"c47e3c2e-18a2-4e99-9aec-d183cbb02a01",0,0,0,0,0,0,0,0,"Muncipal Water Supply","Sewer",0,0,0,0,,,,
"6eb09710-62c0-438b-b766-2b7c40d02e78",36000,0,0,36000,1000,0,0,0,"Other","Other",0,0,0,0,,,"Pipe Line by Tubewell",1000
"54be1655-4b60-44c7-8c00-4e2045312eeb",10,0,0,0,0,0,0,0,"Tubewell","Other",0,0,0,0,,,,"other"
"fa088fcf-0d9c-42be-a0ed-5426df6860b5",0,0,2,0,0,0,0,0,"Other","Other",0,0,0,0,,,"Tanker","Septic tank"
"f1334e7a-841a-4551-b9cb-c61943da87ed",1,0.25,0.05,0.01,0.2,0.002,0.02,0.04,"Tubewell","Sewer",0,0,0,0,,,,
"40b7fda2-3ee7-4655-8249-3e135dfae534",1,1,1,5,0,0,0,0,"Muncipal Water Supply","Sewer",0,0,0,0,,,,
"a05cc810-4b0e-4013-b8ed-d74a7ca07abb",0,0,2,0,0,0,0.02,0,"Tubewell","Onto Land for Irrigation/plantation",0,0,0,0,,,,
"156794a7-0bd1-409c-8b2c-91254a90d500",0,0,1,0,0,0,0,0,"Other","Other",0,0,0,0,,,"tanker","nil"
"a1e603e4-f2e9-4900-b230-bd332973c35b",10,10,10,10,10,10,10,10,"Other","Sewer",0,0,0,0,,,"BOREWELL",
"85ad63a6-8510-4178-87fe-732f223b5966",0,0,2,0,0,0,1,0,"Tubewell","Onto Land for Irrigation/plantation",0,0,0,0,,,,
"3b6ef175-9fd9-4306-9d5a-d83b1d2fd634",100,50,10,0,20,5,2,0,"Tubewell","Other",0,0,0,0,,,,"SEPTIC TANK"
"cb56762b-b00c-4156-920e-14482884bef0",30,5,4,1,20,1,2,0,"Tubewell","Onto Land for Irrigation/plantation",0,0,0,0,,,,
"088c4661-3481-4eaf-84e8-0cb2471b6dc8",1000,0,1000,0,0,0,0,0,"Tubewell","Onto Land for Irrigation/plantation",0,0,0,0,,,,
"4b8e6794-f5e7-4a81-af8e-359355aed999",1,0,1,0,1,0,1,0,"Tubewell","Sewer",0,0,0,0,,,,
"33c1b4ea-78fe-4d13-9d0f-568702c8e13d",0.02,0.002,0.001,0.0001,0.002,0.001,0.0001,0.0001,"Tubewell","Sewer",0,0,0,0,,,,
"ac625b3d-1581-411c-825a-9bd2b701e921",0.02,0.002,0.001,0.0001,0.002,0.001,0.0001,0.0001,"Tubewell","Sewer",0,0,0,0,,,,
"a3ffb84c-b4f1-44fd-8dcd-5bc04eac12e0",0.02,0.002,0.001,0.001,0.002,0.0001,0.0001,0.0001,"Tubewell","Sewer",0,0,0,0,,,,
"752b8ef7-7cb8-4c28-a42f-3739eeb35ec8",36000,0,0,36000,1000,0,0,0,"Tubewell","Sewer",0,0,0,0,,,,1000
"1af4dda9-5c34-431a-9919-43d2916d6366",500,100,200,50,200,100,150,30,"Tubewell","Onto Land for Irrigation/plantation",0,0,0,0,,,,
"81744fa8-45e4-4866-b070-83707681fce8",0,0,0.3,0.4,0,0,0.1,0.1,"Other","Sewer",0,0,0,0,,,"Tanker from outside","Tanker from outside"
"569524cc-adb0-4915-855a-719e741040e4",200,100,50,20,10,20,30,10,"Tubewell","Other",0,0,0,0,,,,"septic tank"
"06413ca7-95eb-47dc-b2c2-a3295208e731",100,50,10,0,20,5,2,0,"Tubewell","Other",0,0,0,0,,,,"septic tank"
"d24ef5c1-d664-417e-9547-0a3d2b942e21",25000,10000,15000,0,25000,10000,15000,0,"Other","Sewer",0,0,0,0,,,"HSIIDC",
"39115c73-8208-470b-b881-092df98dd2d7",0.1,0.1,0.1,0,0,0,0,0,"Muncipal Water Supply","Other",0,0,0,0,,,,"Dustbin"
"9cefa849-3ef2-4562-b218-8ae142208c38",10,0,0,0,0,0,0,0,"Tubewell","Other",0,0,0,0,,,,"other"
"0266ae36-609d-4c53-b3b7-ee6fd9a4d0f1",10,10,3,7,0,0,0,0,"Canal Water","Sewer",0,0,0,0,,,,
"917d8710-b843-4f98-ad85-b56916e046d1",0,1,0,1,0,0,0,0,"Muncipal Water Supply","Sewer",0,0,0,0,,,,
"d4fc7265-7afc-4f43-b65e-55d2c1122b30",0.5,0.5,0.5,0.5,0.02,0,0,0,"Muncipal Water Supply","Sewer",0,0,0,0,,,,
"0d37a322-eb30-4ff2-b881-2dee52adb413",12,15,5,3,10,5,5,5,"Muncipal Water Supply","Sewer",0,0,0,0,,,,
"df80bb85-49f6-428c-ad76-446e481f721c",0.5,0.5,0.5,0,0.2,0,0,0,"Muncipal Water Supply","Onto Land for Irrigation/plantation",0,0,0,0,,,,
"5f1b752d-b599-4319-924f-966f1b75802f",9,1,2,0,1,0.23,0,0,"Tubewell","Other",0,0,0,0,,,,
"8366546f-2e98-4b34-8d64-78d1fa65d43c",0,0,0.1,0,0,0,0,0,"Muncipal Water Supply","Sewer",0,0,0,0,,,,
"90c84b92-04aa-4e4e-8d03-f5a1154c522d",10,10,0,0,0,0,0,0,"Canal Water","Sewer",0,0,0,0,,,,
"eda7289b-e926-4004-bd8e-6e4584c4d5e9",50,6,15,6,7,6,13,5,"Tubewell","Onto Land for Irrigation/plantation",0,0,0,0,,,,
"95fe70d7-3cd7-4f64-bf83-877c5c3d2b45",1,0,1,0,1,0,1,0,"Tubewell","Sewer",0,0,0,0,,,,
"f175c270-67cb-40eb-933b-7db623e6c7ba",0,0,0.1,0,0,0,0.2,0,"Muncipal Water Supply","Sewer",0,0,0,0,,,,
"aa99a388-3df2-4260-9f45-078a0b412dc9",1,0,1,0,0,0,0,0,"Tubewell","Other",0,0,0,0,,,,2
"afbc0aa9-443b-42aa-b347-a2a2ec4cb91e",10000,10000,10000,1000,10000,10000,10000,10000,"Tubewell","Sewer",0,0,0,0,,,,
"1f1036d4-467c-4fb7-95a6-c005c1326b1a",0,0,0.01,0,0,0,0,0,"Muncipal Water Supply","Sewer",0,0,0,0,,,,
"dfe63fe0-f7d1-4561-963e-45ce99e6df98",0,0,0.2,0,0,0,0.9,0,"Muncipal Water Supply","Sewer",0,0,0,0,,,,
"251ce707-dd4d-4b6a-8382-39278a6f7441",100,0,0,0,0,0,0,0,"Tubewell","Sewer",0,0,0,0,,,,3
"84bd7bc3-952d-405f-8890-7f6ba9bc4c13",0,2000,500,500,100,0,0,0,"Tubewell","Onto Land for Irrigation/plantation",0,0,0,0,,,,
"576698ba-4a8a-46ce-bb3f-f12f78aa1c53",0,0.5,0.1,0.1,0,0.2,0.1,0.1,"Other","Sewer",0,0,0,0,,,"Tanker from outside",
"9dae967e-8c00-4d41-992a-d6481dbe7ea3",0,0,0.3,0,0,0,0.1,0,"Muncipal Water Supply","Sewer",0,0,0,0,,,,
"7ac4670e-cb2f-4a1c-ad01-40a9cd7466c6",0,0,0.002,0,0,0,0.001,0,"Muncipal Water Supply","Sewer",0,0,0,0,,,,
"d733b671-c3af-4b31-913b-1af9c04ff2ba",31.5,1,3,0,21.5,1,3,0,"Muncipal Water Supply","Sewer",0,0,0,0,,,,
"790371af-35b8-4017-a8e3-b6b11790fc3a",0,0,0.005,0,0,0,0,0,"Muncipal Water Supply","Sewer",0,0,0,0,,,,
"f83e3c22-d71a-4fa6-9210-fe726f725d53",5,1,2,2,1,0.05,0.03,0.02,"Tubewell","Sewer",0,0,0,0,,,,
"9f246ebb-c0a7-4471-be86-c6a4534e5f85",5000,0,0,0,500,0,0,0,"Other","Sewer",0,0,0,0,,,"HSIIDC",
"d09a0267-60b1-44ec-93a1-11cb2389bb61",1000,0,0,0,200,0,0,0,"Other","Sewer",0,0,0,0,,,"HSIIDC",
"d564a7f6-3d8c-443f-8bd2-77e39f1aca42",0,0,2,0,0,0,1.2,0,"Other","Sewer",0,0,0,0,,,"HSIIDC WATER WORKS",
"d8fed688-6345-45f9-aff9-dae9e908aa91",35200,0,3600,12000,6212,0,500,500,"Tubewell","Other",0,0,0,0,,,,"Water treatment system/recycling"
"d687d1eb-8a2a-47db-bf04-64af2a9bc901",35.2,0,3.6,1.2,6.212,0,0.5,0.5,"Tubewell","Other",0,0,0,0,,,,"Water Treatment System/Recycling"
"911bb3f1-c16e-4551-b62d-539b63e77f1a",6,5,1,0,0,0,0.02,0,"Tubewell","Other",0,0,0,0,,,,"Solar Evaporation"
"74316739-cace-4efd-a0b4-e39f1df0ca24",500,200,100,200,700,200,100,400,"Muncipal Water Supply","Sewer",0,0,0,0,,,,
"35a6c351-83bc-4760-975a-e5fc5b755290",0,0,2,0,0,0,0,0,"Other","Onto Land for Irrigation/plantation",0,0,0,0,,,,"Septic Tank"
"65442993-bcff-4919-8b3b-8ec35e48e524",2,0,11.5,0,0.5,0,9,0,"Muncipal Water Supply","Sewer",0,0,0,0,,,,
"5633c87b-6167-4d52-a35c-c160028fc01b",26,60,47,5,20.8,48,37.6,4,"Muncipal Water Supply","Sewer",0,0,0,0,,,,
"e5fc8880-e80f-4921-8f5c-2f908f303145",0,0,2,0,0,0,0,0,"Other","Onto Land for Irrigation/plantation",0,0,0,0,,,"Tanker",
"8b281928-d9ee-46f0-8c1e-fd3ea2f61124",100,50,45,5,25,0,24,1,"Other","Onto Land for Irrigation/plantation",0,0,0,0,,,"By HSIIDC",
"f1304ee0-3fc0-4473-b1cb-68a962ae1792",1000,50,20,0,15,5,2,0,"Tubewell","Other",0,0,0,0,,,,"Septic Tank"
"73ab505f-ecec-4666-b189-0e75890731ca",0,0,0,0,0,0,0,0,"Other","Other",0,0,0,0,,,"Panchyat Water supply",
"6a2e3748-eee5-4592-a0a6-bb924071ed15",15,5,5,2,2,1,1,1,"Muncipal Water Supply","Sewer",0,0,0,0,,,,
"de0ab9c5-6d15-4afd-a612-a36052212208",0,0,0,0,0,0,0,0,"Tubewell","Onto Land for Irrigation/plantation",0,0,0,0,,,,
"cdbe2596-c974-4918-8567-07e092105937",50,10,10,5,10,2,2,2,"Tubewell","Other",0,0,0,0,,,,"Septic Tank"
"3be12bca-3298-4223-a879-4a5f575530c0",6,0,2,0,0,0,0.02,0,"Tubewell","Sewer",0,0,0,0,,,,
"01816421-5bef-45ce-8bf4-dd85d3218de8",40,5,2,1,10,3,2,1,"Tubewell","Sewer",0,0,0,0,,,,
"9474fe34-fe4d-4336-af1e-8d1f9f2c733d",70,0,0,0,5,0,0,0,"Other","Other",0,0,0,0,,,"STP","Not Applicable"
"afb0c052-fc80-439c-ab6a-d0eb979e0aa8",10000,10000,10000,0,100,100,100,0,"Muncipal Water Supply","Sewer",0,0,0,0,,,,
"cdb4be85-e751-4db1-baef-da4ccfdfc427",0,0,2,0,0,0,0,0,"Other","Other",0,0,0,0,,,"Tanker","Septic tank"
"0913d87c-8ffd-49ed-9bc3-9833c77aedeb",100,1000,100,50,10,10,10,10,"Tubewell","Onto Land for Irrigation/plantation",0,0,0,0,,,,
"932a56f3-7594-4bb1-842e-79c10bce1781",50,15,2,10,10,2,2,2,"Tubewell","Other",0,0,0,0,,,,"Septic Tank"
"0d843550-c410-4d09-a8b8-7d4542500109",100,15,10,15,50,5,5,5,"Muncipal Water Supply","Sewer",0,0,0,0,,,,
"1b17504d-c647-462f-be72-a1dc23a8ed50",0,0,5000,2000,0,0,2000,1000,"Muncipal Water Supply","Sewer",0,0,0,0,,,,
"abf85886-8cd7-4cf7-99f1-d478f2d7cbc6",0,0,0,0,0,0,0,0,"Tubewell","Onto Land for Irrigation/plantation",0,0,0,0,,,,
"d1758554-3972-46b7-9e13-0d6d9e24ff38",2000,3000,200,100,500,0,0,0,"Tubewell","Other",0,0,0,0,,,,"Manual"
"5aed8e03-6602-4e55-9d3d-20aca19fa3a8",0,0,100,0,0,0,0,0,"Muncipal Water Supply","Sewer",0,0,0,0,,,,
"31fc7a72-a257-4848-9e48-eef2d768279e",0,460.8,783.3,81.8,0,0,705,38.6,"Muncipal Water Supply","Other",0,0,0,0,,,,"Recycle"
"2c319960-2cc3-4dc7-af9e-73ee0276252c",50,5,5,5,1,1,1,1,"Other","Sewer",0,0,0,0,,,"STP",
"212ac77f-4147-43b1-b00d-4dcee866b714",0,0,0.15,0,0,0,0,0,"Tubewell","Other",0,0,0,0,,,,"dustbin"
"e2d09846-8097-4828-b47c-587c7ff4e797",0.3,1.5,0.2,0.1,0.05,0.05,0,0.1,"Other","Sewer",0,0,0,0,,,"Water from tanker",
"e72aedca-2551-4126-9b5d-1ca15b41d9b8",0.8,0.8,0.3,0.1,0.2,0.2,0.3,0.1,"Other","Sewer",0,0,0,0,,,"Tanker from outside",
"0bb48e77-5663-4ef4-8f75-12accc2f26ac",0.001,0.001,0.2,0.2,0.001,0.001,0.1,0.1,"Other","Sewer",0,0,0,0,,,"Tank from outer",
"90bed72b-3e0b-4546-bd6c-a2c868126f82",0,0.1,0.2,0.2,0,0,0.1,0.2,"Other","Sewer",0,0,0,0,,,"Water from tanker",
"7059bb97-9bbc-4925-8531-5737d44de6d3",2,2,2,2,1,1,1,1,"Canal Water","Sewer",0,0,0,0,,,,
"2c781fcd-04ed-4a45-895e-c3fb2df42418",100,50,10,5,10,5,2,2,"Tubewell","Other",0,0,0,0,,,,"Septic Tank"
"64804857-9312-4aa0-97b8-a51627e49f91",100,1000,100,50,10,10,10,10,"Tubewell","Onto Land for Irrigation/plantation",0,0,0,0,,,,
"34a85567-cbd8-4376-a1d8-260770ad60db",0.4,0.3,0.1,0.1,0.1,0.1,0.05,0.05,"Tubewell","Onto Land for Irrigation/plantation",0,0,0,0,,,,
"5d1fb068-b7e8-4ac4-ac65-5e0b3d7e7b1f",300,50,50,50,25,0,0,0,"Tubewell","Onto Land for Irrigation/plantation",0,0,0,0,,,,
"8b6a6420-c2e3-4ca3-a6e8-d2e934ec4777",2,0,2,0,0,0,0,0,"Other","Other",0,0,0,0,,,"By tanker","Septic Tank"
"e3849219-c4b4-47e3-819c-a24c5716ef2d",0,0,2000,0,0,0,500,0,"Muncipal Water Supply","Sewer",0,0,0,0,,,,
"a382b704-8d03-45fa-aef2-ebab8e0ee09a",715,5,5,0,195,0,4,0,"Other","Onto Land for Irrigation/plantation",0,0,0,0,,,"Borewell",
"f5f47c57-fad0-4347-8837-96cc38c0f77b",0,500,100,0,20,0,30,0,"Tubewell","Other",0,0,0,0,,,,
"441e522f-91ca-4045-8107-8de2b8021391",0.25,0.6,3.5,1,0.03,0.06,0.4,0.1,"Tubewell","Other",0,0,0,0,,,,"Green Area/Plants"
"4ff07833-9212-4d1e-b553-9fe43ef8705b",2000,1000,1000,0,0,0,0,0,"Tubewell","Sewer",0,0,0,0,,,,
"6d500a29-ef56-4cee-94d4-26599404a16b",12,0,0.5,0,5,0,0.4,0,"Tubewell","Sewer",0,0,0,0,,,,
"0a824171-7c16-4c67-a6f3-5c42bc1b5c73",225,10,65,0,200,4,10,0,"Other","Onto Land for Irrigation/plantation",0,0,0,0,,,"Borewell",
"80471659-4bd7-413b-ae1c-bbfd258f0b7f",0,0,1.5,0,0,0,0,0,"Tubewell","Sewer",0,0,0,0,,,,
"6f4775d7-fb8e-4dcc-b87d-17182a9eb729",0,0,0.1,0,0,0,0.1,0,"Tubewell","Other",0,0,0,0,,,,"Septic tank"
"981bb8fe-aa87-4252-b167-f309d055117c",0,50,150,100,0,5,30,10,"Tubewell","Onto Land for Irrigation/plantation",0,0,0,0,,,,
"1ddbd635-f8a9-4a1f-a2b8-a2aae20076d2",0.2,0.05,0.06,0,0.04,0,0,0,"Muncipal Water Supply","Sewer",0,0,0,0,,,,
"eb4327f4-fa43-46f3-85c4-64e49c58e44f",20,10,5,5,5,3,1,1,"Tubewell","Sewer",0,0,0,0,,,,
"d1e30a50-0be2-43d2-a860-0617d6d70297",1,1,1,1,1,1,1,1,"Other","Onto Land for Irrigation/plantation",0,0,0,0,,,"WATER SUPPLY",
"f44e7d8f-6988-4e3c-b76e-f527e64dbf95",0.3,0.1,0.1,0,0,0,0,0.1,"Muncipal Water Supply","Sewer",0,0,0,0,,,,
"770918b9-dc5a-4d13-8671-d06a5907adc5",0.1,0.2,0.05,0.05,0,0,0.05,0.05,"Muncipal Water Supply","Sewer",0,0,0,0,,,,
"d58132bb-9127-42b6-a728-08f5862f93bf",0.1,0,0.2,0,0,0,0.1,0,"Muncipal Water Supply","Sewer",0,0,0,0,,,,
"7bda88b2-5b7a-46b1-9c88-889a3d967705",0,0,0.1,0,0,0,0,0,"Muncipal Water Supply","Sewer",0,0,0,0,,,,
"57927703-fb1c-41f9-af3b-4885d03192b4",0.1,0.06,9.375,0.03,0.02,0.01,5.625,0.001,"Tubewell","Onto Land for Irrigation/plantation",0,0,0,0,,,,
"38f567ab-aa8f-483c-b1ad-99beacf5e78d",0.1,0.1,0.1,0,0,0,0,0,"Muncipal Water Supply","Sewer",0,0,0,0,,,,
"5cf3167d-b816-40f5-b02c-19c86545b255",0,0,0.01,0,0,0,0.01,0,"Muncipal Water Supply","Sewer",0,0,0,0,,,,
"bf4046a5-c80d-48c6-99fd-c0a2da227aa4",0,0,0.21,0,0,0,0,0,"Muncipal Water Supply","Sewer",0,0,0,0,,,,
"412152a2-515b-4eeb-8180-c85a3a70fa2a",2,0,1,0,2,0,1,0,"Muncipal Water Supply","Sewer",0,0,0,0,,,,
"94f987e4-cd9e-420b-ab3f-7715a0c341c4",0.11,0,0.21,0,0,0,0,0,"Muncipal Water Supply","Sewer",0,0,0,0,,,,
"2aeba5d9-3075-4b50-92fe-08d425abcf80",0,0,2,0,0,0,0,0,"Muncipal Water Supply","Sewer",0,0,0,0,,,,
"2d30a2e7-93ad-4e4a-bb52-7a47228863b3",0,0,0.5,0,0,0,0.1,0,"Muncipal Water Supply","Sewer",0,0,0,0,,,,
"2d3339b7-c225-4672-8dca-22d5f0783d82",0,0,0.5,0,0,0,0,0,"Muncipal Water Supply","Sewer",0,0,0,0,,,,
"f75f62f1-36cb-4d9a-8e06-ff0516eebdd7",0,0,0.3,0,0,0,0,0,"Muncipal Water Supply","Sewer",0,0,0,0,,,,
"d5cf1f91-a118-4f23-b1c5-f7e72c5fc5e7",0.5,0,0.1,100,0.15,0,0,0,"Tubewell","Other",0,0,0,0,,,,
"630e2b4d-8cf6-44e6-9538-61cc34830402",1000,0,0,1000,400,0,0,0,"Tubewell","Sewer",0,0,0,0,,,,
"ea3406e5-8ff3-44dd-b24c-a8287e0e6a24",0,0,25,0,0,0,0,0,"Tubewell","Sewer",0,0,0,0,,,,
"6b62894c-b389-4e7c-bb04-44674121d88e",5,0,0.5,0,4,0,0.5,0,"Muncipal Water Supply","Sewer",0,0,0,0,,,,
"9be44e12-325c-4b26-bab3-de583aef2d8a",0.4,0,0,0,0.2,0,0,0,"Tubewell","Sewer",0,0,0,0,,,,
"574d0288-90a8-4dff-b89a-8568e957aeac",15,5,5,5,0,0,0,0,"Muncipal Water Supply","Onto Land for Irrigation/plantation",0,0,0,0,,,,
"c18eec5d-df80-4f4e-b0cd-8aac81b94fe4",2,2,0,5,1,2,0,1,"Muncipal Water Supply","Sewer",0,0,0,0,,,,
"5dcdace6-c193-4c94-8ca0-0cf3abdf882d",3,3,3,3,3,3,3,3,"Tubewell","Onto Land for Irrigation/plantation",0,0,0,0,,,,
"fc7bbf08-b24d-4961-931d-84741bd34326",0,0,0.08,0,0,0,0.1,0,"Muncipal Water Supply","Sewer",0,0,0,0,,,,
"657bc16f-3d98-4b55-aa32-771d2fe612d1",2,0,0,0,0,0,0,0,"Muncipal Water Supply","Sewer",0,0,0,0,,,,
"566ad851-6e49-479b-930c-426734bcc358",0,5.4,1227,61,0,0,1041,0,"Muncipal Water Supply","Sewer",0,0,0,0,,,,"Sent to licensed vendors for disposal"
"34551f97-b218-4171-940e-c935c73385dd",0,0,1,0,0,0,0,0,"Muncipal Water Supply","Sewer",0,0,0,0,,,,
"ab1fd683-8cb3-40af-97f4-fc707dd7f9f9",0,0,0.05,0,0,0,0.01,0,"Muncipal Water Supply","Sewer",0,0,0,0,,,,
"2c028076-5a2b-4684-84f9-911b6397bac6",0,0,0.5,0,0,0,0.1,0,"Muncipal Water Supply","Sewer",0,0,0,0,,,,
"6ad89aec-f35e-4b44-8e94-dc2b90978b99",0,0,0,0.5,0,0,0,0.1,"Muncipal Water Supply","Sewer",0,0,0,0,,,,
"55c06242-2585-43e0-be50-9911fcfe16ba",0,0,0.25,0,0,0,0,0,"Tubewell","Other",0,0,0,0,,,,"THE WASTE WILL BE AGRICULTURAL WASTE CAN BE USED TO FEED CATTLE OR AS NATURAL FERTILZER"
"7307e3b1-ff68-4888-be3e-6ae023bafdc8",0,0,1,0,0,0,0.75,0,"Muncipal Water Supply","Sewer",0,0,0,0,,,,
"8d2c4965-3f46-4d22-bd68-f11d01574e97",483,861,3,0,0,0,3,0,"Tubewell","Onto Land for Irrigation/plantation",0,0,0,0,,,,
"c0cee34c-dd2e-4e4d-9a93-4b42f676dd38",3,0,1,0,3,0,0.5,0,"Muncipal Water Supply","Sewer",0,0,0,0,,,,
"789d236e-83f0-40d5-b2ed-3af0cb31753f",0.2,0,0.5,0.5,0.2,0,0.5,0.5,"Other","Sewer",0,0,0,0,,,"Water tank from outside",
"b8ce2452-ebf6-4f5e-9ffc-3ae6b293cc8a",100,100,100,100,100,100,100,100,"Muncipal Water Supply","Sewer",0,0,0,0,,,,
"cf66ce2e-fce7-4db2-a924-396160ca5301",0,0,0.08,0,0,0,0.01,0,"Muncipal Water Supply","Sewer",0,0,0,0,,,,
"7cfc201b-a76c-46aa-8e1b-be79bfeb50d3",10,10,10,10,10,10,10,10,"Tubewell","Onto Land for Irrigation/plantation",0,0,0,0,,,,
"51738a70-4a6b-4dc4-af41-486419cfa22f",3,0,0,2,1,0,0,1,"Tubewell","Onto Land for Irrigation/plantation",0,0,0,0,,,,
"630c801e-b30c-4c5d-8e3f-9073143c2913",30,1,1,1,5,2,3,0,"Tubewell","Other",0,0,0,0,,,,"SEWRAGE AREA"
"f596f7a4-190e-4d2c-bcdc-6008d3d6f291",0,0,0.5,0,0,0,0.2,0,"Muncipal Water Supply","Sewer",0,0,0,0,,,,
"4425438e-6fea-4c0f-82ba-a1afcaf9c9e3",0,0,1,1,0,0,1,1,"Other","Sewer",0,0,0,0,,,"Tanker from outside",
"ee55e51d-d682-4e8d-be37-48c5d64d791e",0,0,0.5,0,0,0,0.1,0,"Muncipal Water Supply","Sewer",0,0,0,0,,,,
"d3114fe9-f587-4e26-9287-f23d65a602a2",0,0,0.75,0,0,0,0,0,"Muncipal Water Supply","Sewer",0,0,0,0,,,,
"7e915e5b-92e2-4ebb-a71a-8b1af57d268e",0,0,100,0,0,0,0,0,"Tubewell","Other",0,0,0,0,,,,"drain system"
"bb6f5d69-d7d7-4bc2-a696-d39d0023a9a4",0,0,5,0,0,0,1,0,"Muncipal Water Supply","Sewer",0,0,0,0,,,,
"87f16a2e-2ef3-471f-bd67-327a369b9b1c",0,0,0.2,0,0,0,0,0,"Muncipal Water Supply","Sewer",0,0,0,0,,,,
"543df02f-f994-4260-ab3b-efb711110085",0,0,0.2,0,0,0,0,0,"Muncipal Water Supply","Sewer",0,0,0,0,,,,
"c413d2ef-87d7-4f4a-9802-cf7656e8a867",3,0,0,0,0,0,0,0,"Tubewell","Sewer",0,0,0,0,,,,
"e9d8949e-315f-4b48-ac8e-88631257adf5",1,2,1,1,0.3,0.2,0.5,0.6,"Other","Sewer",0,0,0,0,,,"HSIIDC",
"f46d429f-a196-43d5-b28e-5130ef1d7e1e",3,5,1,1,1,1,0.5,0.5,"Other","Sewer",0,0,0,0,,,"HSIIDC",
"e0d5e1ca-ea97-4d77-b4f6-80ed9421359b",0,0,1.5,1.5,0,0,1.5,1.5,"Other","Sewer",0,0,0,0,,,"Tanker from outside",
"341c1e65-9b87-4c41-a5e1-d49bccd4a755",2,2,1,1,1,0.5,0.5,0.5,"Other","Other",0,0,0,0,,,"HSIIDC","HSIIDC"
"c62bc673-6989-463e-ab23-7adc5a5455ee",0,0,25,0,0,0,24,0,"Muncipal Water Supply","Sewer",0,0,0,0,,,,
"38ecc08e-20bd-47a2-808e-3745e71c42cf",2,0,2,0,0,0,0,0,"Other","Other",0,0,0,0,,,"Tanker","Septic tank"
"ca74cea2-8290-4b41-9cd8-36a9155b6cc2",0,0,0.5,0,0,0,0,0,"Muncipal Water Supply","Sewer",0,0,0,0,,,,
"8aea1301-d54c-4b30-9ae4-2527805d21fd",100,20,10,10,10,5,5,5,"Tubewell","Sewer",0,0,0,0,,,,
"5ee016ac-107a-4d06-8e7d-12922c960650",0,0,0,0,0,0,0,0,"Muncipal Water Supply","Sewer",0,0,0,0,,,,
"936c9e6c-68b3-4373-8722-e7b6d2beb930",0,0,0.1,0,0,0,0,0,"Muncipal Water Supply","Sewer",0,0,0,0,,,,
"cf5104e4-3990-4d5b-8223-578568cb4223",0,0,700,0,0,0,0,0,"Muncipal Water Supply","Sewer",0,0,0,0,,,,
"c721ce62-5fad-4ef7-9714-f9076c17fd89",2,0,2,0,0,0,0,0,"Other","Other",0,0,0,0,,,"Tanker","Septic tank"
"355c09cd-078a-4140-a303-c397c11393c9",2,0,2,0,0,0,0,0,"Other","Sewer",0,0,0,0,,,"Tanker",
"b1dc7c2e-4d17-4a5d-95f6-064a076c20d1",0,0,1,0,0,0,0,0,"Tubewell","Sewer",0,0,0,0,,,,"NO DISPOSAL"
"b4f55657-befa-4e3a-a64c-9db0d2155da2",1,5,1,1,1,5,0,0,"Tubewell","Onto Land for Irrigation/plantation",0,0,0,0,,,,
"f32b5208-2085-4943-9443-0885e14b4a2d",0,30,1,0,0,0,0,0,"Tubewell","Sewer",0,0,0,0,,,,
"5bd0cb6a-2ab7-4baf-bffb-a72509597d73",0,0,2,0,0,0,0,0,"Muncipal Water Supply","Sewer",0,0,0,0,,,,
"0d68983b-0a95-4787-b2c2-3f311be7d5da",0,0,2,0,0,0,1,0,"Muncipal Water Supply","Sewer",0,0,0,0,,,,
"7d3cc40e-19d2-47b1-a190-35ab3a6afb8b",100,20,10,10,10,5,5,5,"Tubewell","Sewer",0,0,0,0,,,,
"fcb12ae6-dd96-4f96-8004-59aa58910186",2,1,1,1,0.5,0.2,0.3,0.2,"Other","Other",0,0,0,0,,,"HSIIDC","HSIIDC"
"8dbd8097-5565-4e94-9638-83626b815576",0,0,1,0,0,0,0.5,0,"Muncipal Water Supply","Sewer",0,0,0,0,,,,
"3432c63a-f1f7-4a8e-ad9d-0c60155e6fe9",3,2,1,0.5,1,1,0.5,0.5,"Tubewell","Other",0,0,0,0,,,,"Septic Tank"
"2793130a-38f6-49ae-9127-cfe060f8bfc7",0,0,0.5,0,0,0,0.1,0,"Muncipal Water Supply","Sewer",0,0,0,0,,,,
"58db66c8-02f8-43e1-931a-3335984e7061",0,0,0.5,0,0,0,0,0,"Muncipal Water Supply","Sewer",0,0,0,0,,,,
"84272b82-fa39-4e6d-b616-2962a5649c18",10,10,1000,0,0,0,500,0,"Muncipal Water Supply","Sewer",0,0,0,0,,,,
"e451b9e3-077f-46b4-90bb-430c569a1072",0,0,15,0,0,0,1,0,"Muncipal Water Supply","Sewer",0,0,0,0,,,,
"21e95daa-9727-43be-b247-70260de58003",0,0,1,0,0,0,0.01,0,"Muncipal Water Supply","Sewer",0,0,0,0,,,,
"8daa4b1b-5b1f-413a-98a1-46c769d136d3",0,0,0.3,0,0,0,0.2,0,"Muncipal Water Supply","Sewer",0,0,0,0,,,,
"a02244b0-fedd-4eff-bf1c-68003740b897",20,30,30,30,30,39,30,30,"Tubewell","Other",0,0,0,0,,,,"Mandeep"
"1f987c64-718d-4864-aadc-da52f43cefb4",0,0,1000,0,0,0,600,0,"Other","Sewer",0,0,0,0,,,"HSIIDC",
"84436a8c-97fa-4bda-8bc5-6173608074f8",5,0,1,0,1,0,0,0,"Tubewell","Sewer",0,0,0,0,,,,
"1d2677aa-e68e-47a0-a47b-32964f796a55",0,0,0.3,0,0,0,0.1,0,"Muncipal Water Supply","Sewer",0,0,0,0,,,,
"5c2cf5a5-c702-4ebc-84e5-054c20535a18",0,0,2,0,0,0,1,0,"Muncipal Water Supply","Sewer",0,0,0,0,,,,
"948e8941-362d-4d9a-a12d-147bcffa69c1",0,0,0.3,0,0,0,0.1,0,"Muncipal Water Supply","Sewer",0,0,0,0,,,,
"0c4603bf-da9b-4f34-a56f-ee3d302a05b3",0,0,10,0,0,0,5,0,"Muncipal Water Supply","Sewer",0,0,0,0,,,,
"0ccb9bc8-140f-4829-8f3a-3409c151e934",0,0,0.2,0,0,0,0,0,"Muncipal Water Supply","Sewer",0,0,0,0,,,,
"d7923ef6-4752-4025-820a-6a735e7dd436",0,0,7,0,0,0,3,0,"Muncipal Water Supply","Sewer",0,0,0,0,,,,
"7f79e6f1-8450-490d-86ef-3523873479e9",0,0,400,0,0,0,100,0,"Muncipal Water Supply","Sewer",0,0,0,0,,,,
"dd00fe8c-0327-494a-bb7d-9887b5dd3ef8",0,0,25,0,0,0,0,0,"Tubewell","Sewer",0,0,0,0,,,,
"912e4ba6-d202-4cdd-8a68-40aeb517a57c",0,0,1000,0,0,0,1000,0,"Tubewell","Other",0,0,0,0,,,,"DRAIN"
"10f59a90-737e-4b40-a3a5-226b21c238f8",0,0,0,0,0,0,0,0,"Tubewell","Other",0,0,0,0,,,,"Septic Tank"
"2deee895-aafd-4784-adbb-7b7c70223e1e",1000,0,1000,0,500,0,500,0,"Muncipal Water Supply","Sewer",0,0,0,0,,,,
"f03b6b6d-42f2-4132-8086-8c12e9b4e03b",0.3,0.5,0.2,0,0.1,0.1,0.05,0,"Muncipal Water Supply","Sewer",0,0,0,0,,,,
"17e9bc52-c92e-4421-bef3-ca4961048f59",0,0,2,0,0,0,0.1,0,"Muncipal Water Supply","Sewer",0,0,0,0,,,,
"a4ab9039-347f-45a6-87df-f64f82deea78",160,30,10,0,85,10,5,0,"Canal Water","Sewer",0,0,0,0,,,,
"5150d94d-8821-45e3-b302-fc50018365be",1,1,1,1,1,1,1,1,"Tubewell","Onto Land for Irrigation/plantation",0,0,0,0,,,,
"1bbec22a-9fd8-4497-9a70-74f1c903219f",0,0,0.2,0,0,0,0.05,0,"Muncipal Water Supply","Sewer",0,0,0,0,,,,
"730dad9e-ba32-4905-8105-fa6e9b7105cf",0,0,5,0,0,0,2.5,0,"Muncipal Water Supply","Sewer",0,0,0,0,,,,
"89700c72-d15a-4bad-a960-f6a327f136e8",0,1000,0,0,0,0,0,0,"Other","Sewer",0,0,0,0,,,"HSIIDC",
"76c88c97-c2ae-485c-8bba-2800b956e763",0,0,5,0,0,0,2.5,0,"Muncipal Water Supply","Sewer",0,0,0,0,,,,
"50f3394f-ff26-41a4-a0ab-8a604471e024",0,0,1,0,0,0,0,0,"Muncipal Water Supply","Sewer",0,0,0,0,,,,
"b4577168-5717-4c8d-b14a-e556b428d15b",70,0,1,0,10,0,0,0,"Tubewell","Sewer",0,0,0,0,,,,
"c782c43f-bd63-4c7c-b212-b15b1ebe3ddc",15,15,10,0,0,0,10,0,"Tubewell","Other",0,0,0,0,,,,"FOR RECREATION PURPOSE"
"d48f5dc8-d685-4e53-9ff2-b658002fe0a6",25,0,5,2,1,0,1,1,"Tubewell","Other",0,0,0,0,,,,
"3fa31696-c63b-4720-87a1-9fc13e167889",1,0,0.1,0,0.5,0,0.05,0,"Muncipal Water Supply","Sewer",0,0,0,0,,,,
"5d8545c8-6eb3-4409-986b-3702bda19d61",2,0,1,1,1,0,0.5,0.5,"Other","Sewer",0,0,0,0,,,"Tanker from outside",
"0a77c5bb-8566-44b0-af3d-25b204adf550",0,0,1,0,0,0,0,0,"Tubewell","Other",0,0,0,0,,,,"no discharge"
"cca83fc4-2bfa-42a4-b6f6-59bb2b8d9288",0.1,0.1,0.2,0.1,0,0,0.1,0.1,"Other","Sewer",0,0,0,0,,,"Tanker from outside",
"b56c4671-8de9-48ed-914c-2ebf1ab67046",0,0,0.5,0,0,0,0.1,0,"Tubewell","Other",0,0,0,0,,,,"irrigation"
"a132b486-c25f-46fa-87c3-c56743a98797",0,0,1,0,0,0,0,0,"Muncipal Water Supply","Sewer",0,0,0,0,,,,
"07c53b11-7980-4817-adc0-7d59692bd95c",0,0.1,0,0,0,0,0,0,"Muncipal Water Supply","Sewer",0,0,0,0,,,,
"576a91ef-7fe7-4111-9fed-3a5329119752",0,0,0.15,0,0,0,0.01,0,"Muncipal Water Supply","Sewer",0,0,0,0,,,,
"fcbf1bf0-3878-422f-bf8e-5ae910fbeb1d",0,0,4,0,0,0,2,0,"Muncipal Water Supply","Sewer",0,0,0,0,,,,
"da212267-dc12-4970-9fc0-617359ef7c56",0,0,3,0,0,0,1.5,0,"Muncipal Water Supply","Sewer",0,0,0,0,,,,
"992def6a-268a-4490-b326-61d3274a1cf7",10,0,0,0,2,0,0,0,"Other","Other",0,0,0,0,,,,"Tanker"
"8500938d-c526-451f-833a-cc5003e9639c",0,0,1,0,0,0,0,0,"Muncipal Water Supply","Sewer",0,0,0,0,,,,
"5321f838-3c55-4896-8fbe-e86d3d0ca08c",0,0,2,0,0,0,1,0,"Muncipal Water Supply","Sewer",0,0,0,0,,,,
"256b8243-f22f-49f9-8109-aa1174a2f829",0,0,0.1,0,0,0,0,0,"Muncipal Water Supply","Sewer",0,0,0,0,,,,
"fe9c2b5d-cbd6-42b6-ab23-4d809f04db6e",10,64,80,1,10,1,68,1,"Tubewell","Other",0,0,0,0,,,,"Recycle"
"249b9cff-9a2c-424b-8e23-ed8cba05fe0d",10,0,0,0,2,0,0,0,"Other","Other",0,0,0,0,,,"TANKER","TANKER"
"5e06caaf-e018-49e3-b7b2-68cfd7abd59c",100,60,20,20,100,60,20,20,"Canal Water","Sewer",0,0,0,0,,,,
"d9f12f54-a60a-4ce2-b425-887728d79ea9",0,0,2,0,0,0,1,0,"Muncipal Water Supply","Sewer",0,0,0,0,,,,
"f0906539-4043-4200-a99d-85cd4f16ae19",0,0,1,0,0,0,0,0,"Muncipal Water Supply","Sewer",0,0,0,0,,,,
"c1afc3ad-ac60-402b-ad73-a6ed8021dcb8",0,0,5,0,0,0,2,0,"Muncipal Water Supply","Sewer",0,0,0,0,,,,
"67aa3308-721a-4f7d-8af9-29e487324e2d",11,11,11,11,11,11,11,11,"Muncipal Water Supply","Sewer",0,0,0,0,,,,
