"e54bf9e4-7260-4b5e-b04d-86653d3b20c3","To establish aircraft manufacturing and develop the aviation industry for socio-economic benefits",,0,0,"Involving Technical Collaboration with Foreign Investor",,"New Project (New Site)","Defence and Aerospace Manufacturing","Large - more than 10 crores",,,
"062804cc-340d-4ac2-911d-c68480231a95",,,0,0,"None of these",,"New Project (Existing Site)","Electronics & IT/ITES","Large - more than 10 crores",,,
"1bff25ff-fa3f-4da3-a915-d77d588f39b2","INTEGRATED SOLID WASTE MANAGEMENT",,0,0,"Involving Financial Collaboration with Foreign Investor","USA","New Project (Existing Site)","Other Industries","Large - more than 10 crores",,,"WASTE TO ENERGY"
"09fdb30c-4fac-42bb-8b89-2cada25d8aad","Manufacturing of Mobile Phone",,0,0,"Involving Technical Collaboration with Foreign Investor","China","New Project (Existing Site)","Electronics & IT/ITES","Large - more than 10 crores",,,
"8f88f19a-3ac7-48bb-a60d-c694f45b9452",,,1,1,"Involving Technical Collaboration with Foreign Investor","Norway","New Project (New Site)","Agro-based, Food Processing and Allied Industry","Large - more than 10 crores",,,
"636a552c-e250-4aa9-b061-9c3bd08bce4e",,,0,0,"None of these",,"New Project (New Site)","Agro-based, Food Processing and Allied Industry","Small - more than 25 lakhs and less �than or upto 5 crores",,,
"c24b4b52-b058-4bd6-b3f3-1999a9330d68","PPP - Tourism",,0,0,"None of these",,"New Project (New Site)","Other Industries","Small - more than 25 lakhs and less �than or upto 5 crores",,,"Tourism"
"488662c1-fe33-4027-b4eb-720fc541c172","Fire Works",20292,0,0,"None of these",,"New Project (New Site)","Other Industries","Micro - upto 25 lakhs",,,"Fire Works"
"80a55f42-8cf6-4f98-b6cd-3237e740ec06","Data Incubation Center for Startups",,0,0,"None of these",,"New Project (Existing Site)","Electronics & IT/ITES","Small - more than 25 lakhs and less �than or upto 5 crores",,,
"b56eeef9-d09f-468d-9c53-f5181cd5db8a","PLASTIC MASTERBATCHES",22209,0,0,"None of these",,"New Project (New Site)","Other Industries","Small - more than 25 lakhs and less �than or upto 5 crores",,,"PLASTIC MASTERBATCH"
"d11e7da1-910c-4966-a196-304df53d894d","TO SUPPORT PMAY AND DDJAY 2016 BY PROVIDING SOLUTIONS FOR FAST QUALITY TECHNOLOGY",,0,0,"Highly Technical",,"New Project (New Site)","Other Industries","Medium - more than 5 crores and less than 10 crores",,,"PRE CAST TECHNOLOGY"
"0d62c104-18c8-4241-8d31-c3bd5114a250",,,0,1,"None of these",,"New Project (Existing Site)","Agro-based, Food Processing and Allied Industry","Small - more than 25 lakhs and less �than or upto 5 crores",,,
"14a56e24-ec16-435d-a52f-d4381f6cc028","Rice Mill",10612,0,0,"None of these",,"New Project (New Site)","Agro-based, Food Processing and Allied Industry","Small - more than 25 lakhs and less �than or upto 5 crores",,,
"cfe5d89c-f0a3-4b77-9137-efc8ec994e54","Manufacturing of Poultry Feeds",10802,0,1,"Highly Technical",,"New Project (New Site)","Agro-based, Food Processing and Allied Industry","Small - more than 25 lakhs and less �than or upto 5 crores",,,
"9f58d236-595d-47fc-b277-1e4ee396b398",,,0,0,"None of these",,"New Project (New Site)","Other Industries","Small - more than 25 lakhs and less �than or upto 5 crores",,,"test"
"29e6e465-bbd1-49b2-8815-3e00885cfa5f",,,0,0,"Highly Technical",,"New Project (New Site)","Other Industries","Medium - more than 5 crores and less than 10 crores",,,"SHEET METAL COMPONENTS"
"3b6b2d58-5f32-4b00-ab1b-3f090549f445","Rice Mill",10612,0,0,"None of these",,"New Project (New Site)","Agro-based, Food Processing and Allied Industry","Small - more than 25 lakhs and less �than or upto 5 crores",,,
"3e0835b4-caa7-42c1-aa63-8aabeacefb01","manufactring",202,0,1,"None of these",,"New Project (New Site)","Other Industries","Micro - upto 25 lakhs",,,"wooden furniture"
"b2d3368a-82a2-4224-b23e-31500689ccc9","MANUFACTRING",202,0,1,"None of these",,"New Project (New Site)","Other Industries","Micro - upto 25 lakhs",,,
"dd218169-49d0-4ef9-b559-8698a3e3224d",,,0,0,"Export Oriented",,"Expansion Project","Textiles/ Apparel/ Knitting/ Embroidery/ Technical textiles","Medium - more than 5 crores and less than 10 crores",,,
"eac197ea-fee7-4f8a-b2ad-87976391fea1","Spinning of Cotton Yarn",,0,0,"Export Oriented",,"New Project (New Site)","Textiles/ Apparel/ Knitting/ Embroidery/ Technical textiles","Large - more than 10 crores",,,
"2a455f68-e8ac-4a00-bb80-1eb09f44788e",,,0,0,"Involving Financial Collaboration with Foreign Investor",,"New Project (New Site)","Defence and Aerospace Manufacturing","Medium - more than 5 crores and less than 10 crores",,,
"75b13ad4-63e9-4f2c-b112-f76e4fe3dc2b",,2930,0,0,"Highly Technical",,"New Project (New Site)","Auto, Auto Components and Light Engineering","Large - more than 10 crores",,,
"5aa5dfb5-71aa-4d9e-955d-f082b844b7b4","MANUFACTURING",,0,0,"Involving Financial Collaboration with Foreign Investor",,"New Project (New Site)","Auto, Auto Components and Light Engineering","Large - more than 10 crores",,,
"08eeed25-f136-47fe-b446-37204af2fa38",,,0,0,"Export Oriented",,"New Project (Existing Site)","Textiles/ Apparel/ Knitting/ Embroidery/ Technical textiles","Large - more than 10 crores",,,
"cbb99067-6d14-49fa-97cd-f2b9dbfb3530",,,1,0,"None of these","United Arab Emirates","New Project (New Site)","Renewable Energy & Solar Parks","Large - more than 10 crores",,,
"2f8f31ce-20f6-4393-80e6-aeed15585035","Manufacturing",,0,0,"None of these",,"New Project (New Site)","Other Industries","Small - more than 25 lakhs and less �than or upto 5 crores",,,"Filter Paper"
"82bd9b03-4890-4e21-952f-a1f27f49fd4f",,,0,0,"None of these",,"Expansion Project","Other Industries","Large - more than 10 crores",,,"Healthcare"
"003710b8-5a18-4f5a-8e39-2689beed7ce9",,2930,0,0,"Highly Technical",,"New Project (New Site)","Auto, Auto Components and Light Engineering","Large - more than 10 crores",,,
"74d0023a-c0fe-44fb-a99d-c833538e2ec1","Solar Power generation",351351000000,0,0,"None of these",,"New Project (New Site)","Renewable Energy & Solar Parks","Large - more than 10 crores",,,
"aa3d8c8e-8452-466a-93e1-8a5e4b33adf3",,,0,0,"Highly Technical",,"New Project (New Site)","Other Industries","Small - more than 25 lakhs and less �than or upto 5 crores",,,"HVAC"
"9316e4cb-256e-45d6-b29c-94e72c6de02d","Manufacturing unit, Extrusion plant,",,0,0,"Highly Technical",,"New Project (New Site)","Other Industries","Small - more than 25 lakhs and less �than or upto 5 crores",,,"Manufacturing unit, Extrusion plant,"
"1f40aa27-7816-4352-90e9-79c7797a6529",,,0,0,"None of these",,"New Project (New Site)","Agro-based, Food Processing and Allied Industry","Small - more than 25 lakhs and less �than or upto 5 crores",,,
"d33b5590-2978-49d2-9eb7-e8e609fb0814",,,0,0,"Highly Technical",,"Expansion Project","Auto, Auto Components and Light Engineering","Micro - upto 25 lakhs",,,
"4a8972f7-8b12-4eea-8ba2-4372610a1665","Manufacturing",17,0,0,"None of these",,"New Project (New Site)","Other Industries","Small - more than 25 lakhs and less �than or upto 5 crores",,,
"fad65089-10a9-4b6d-ad1f-f3aef457ed92",,,0,0,"Highly Technical",,"New Project (New Site)","Auto, Auto Components and Light Engineering","Micro - upto 25 lakhs",,,
"5b55c896-9856-4f7c-a5e5-a7e8331148e8",,,0,0,"None of these",,"New Project (Existing Site)","Electronics & IT/ITES","Small - more than 25 lakhs and less �than or upto 5 crores",,,"MANUFACTURER OF ELECTRICAL PANELS"
"c0883db4-877b-4df8-b809-24363d4c7967",,,1,1,"None of these",,"New Project (Existing Site)","Other Industries","Large - more than 10 crores",,,"real estate contruction"
"fe026bd9-0db6-42d6-b87e-7fc9d26ff03a",,,0,0,"None of these",,"Expansion Project","Auto, Auto Components and Light Engineering","Small - more than 25 lakhs and less �than or upto 5 crores",,,
"1562908a-7ddb-4d71-9316-6964326b82bb","HEALTH AND SPORTS CLUB",,0,0,"None of these",,"New Project (New Site)","Other Industries","Small - more than 25 lakhs and less �than or upto 5 crores",,,"SERVICE SECTOR"
"065b2042-9fe4-4004-a9a8-c15183770955",,,0,0,"Highly Technical",,"New Project (New Site)","Other Industries","Small - more than 25 lakhs and less �than or upto 5 crores",,,
"6f0c4f27-4f59-4383-a96e-d65033387502","Research and Development cum Application Center",72100,1,0,"Export Oriented","Netherlands","New Project (New Site)","Other Industries","Large - more than 10 crores",,,"Research and Development"
"a7426e80-443d-4edb-a48c-c9973ab63003",,,0,0,"Highly Technical",,"Expansion Project","Other Industries","Medium - more than 5 crores and less than 10 crores",,,"Electrical Industry"
"24d84cc1-4f4a-4598-8862-48ab2bc7e0bd","Manufacturing",,0,0,"None of these",,"New Project (New Site)","Auto, Auto Components and Light Engineering","Large - more than 10 crores",,,
"722b6e83-9cda-4da9-8f10-507751dea1c2","Manufacturing",,0,0,"None of these",,"New Project (New Site)","Auto, Auto Components and Light Engineering","Large - more than 10 crores",,,
"c949edd4-2055-4e48-916f-1a351a77c6f5",,,1,0,"None of these",,"New Project (New Site)","Other Industries","Large - more than 10 crores",,,"Real Estate Developer"
"81e3df26-3497-4ffe-a403-88401fe6ab7b","Dall Mill",,0,0,"None of these",,"New Project (New Site)","Agro-based, Food Processing and Allied Industry","Medium - more than 5 crores and less than 10 crores",,,
"809d2273-318d-47e6-99dc-15dd1c8b3f13",,,0,0,"None of these",,"Expansion Project","Textiles/ Apparel/ Knitting/ Embroidery/ Technical textiles","Medium - more than 5 crores and less than 10 crores",,,
"1120ed98-abe0-4680-9100-ec1a8b2fc6b1","Opening a MBA Institute",,0,0,"None of these",,"New Project (New Site)","Other Industries","Large - more than 10 crores",,,"Education"
"90f930f4-03ac-4824-8459-a9196b799f1a",,13454,0,0,"Highly Technical",,"New Project (New Site)","Other Industries","Small - more than 25 lakhs and less �than or upto 5 crores",,,"PACKAGING MACHINE"
"40887f0a-82ea-4470-be94-316210ee2dcb","MFG. OF RUBBER PRODUCTS",,0,0,"None of these",,"New Project (New Site)","Other Industries","Small - more than 25 lakhs and less �than or upto 5 crores",,,"RUBBER PRODUCTS"
"e5b8ed73-0a6a-440b-b486-dbfc050a835d",,68,0,0,"None of these",,"New Project (Existing Site)","Other Industries","Large - more than 10 crores",,,"Real Estate"
"8bacd288-7818-4a21-95cc-98bf72f0f775","IRRIGATION BASED INDUSTRY",,0,0,"None of these",,"New Project (New Site)","Other Industries","Small - more than 25 lakhs and less �than or upto 5 crores",,,"HDPE PIPES AND COILS"
"86e3d922-a513-41ce-889d-77cea73c0d41","2 MW BIOMASS GASIFIER POWER PLANT",35106,0,0,"Highly Technical",,"New Project (New Site)","Renewable Energy & Solar Parks","Large - more than 10 crores",,,
"8f978ad0-c679-451e-8370-d2115bfbabbe","EXPENSION",,0,0,"Involving Technical Collaboration with Foreign Investor","Japan","Expansion Project","Auto, Auto Components and Light Engineering","Medium - more than 5 crores and less than 10 crores",,,
"e142e0a1-fbf2-4171-92d2-223ac6ab854d",,,0,0,"Involving Technical Collaboration with Foreign Investor",,"New Project (New Site)","Other Industries","Large - more than 10 crores",,,"Healthcare and Education"
"3b5d2e2d-6fb4-47f1-9022-21611c51b2fa","Manufacturing",20116,0,1,"None of these",,"New Project (New Site)","Chemical Industry","Small - more than 25 lakhs and less �than or upto 5 crores",,,
"786ab534-9953-4e73-a8a8-8a2e9449ba17","Skill Development Centre in Catering",,0,0,"None of these",,"New Project (Existing Site)","Other Industries","Large - more than 10 crores",,,"CATERING"
"e81e797f-4b24-4c5f-a5a9-9cdf4fe108a4",,,0,0,"None of these",,"New Project (New Site)","Other Industries","Micro - upto 25 lakhs",,,"Washing Centre"
"b1690776-16fa-494c-b808-df5b95f6a769","warehousing cold storage",,0,0,"None of these",,"New Project (New Site)","Other Industries","Small - more than 25 lakhs and less �than or upto 5 crores",,,"service industry"
"9376429c-d55b-40cb-9cf7-fd4b6dd1e1a5",,,1,1,"Highly Technical",,"Expansion Project","Defence and Aerospace Manufacturing","Large - more than 10 crores",,,
"664cd889-f72a-4231-9761-4d785c6cfc13","MFG OF ELECTRICAL ITEMS",,0,0,"Highly Technical",,"New Project (Existing Site)","Electronics & IT/ITES","Large - more than 10 crores",,,
"eeb24624-826f-497f-87cd-f6e675a3716f","Manufacture of particle board and fibreboard including densified wood",16212,1,0,"None of these",,"New Project (New Site)","Other Industries","Large - more than 10 crores",,,"Manufacture of particle board and fibreboard including densified wood"
"64aad06d-66da-46d0-99b4-40f36b803729","Residential",,0,0,"None of these",,"New Project (New Site)","Other Industries","Large - more than 10 crores",,,"Real Estate"
"37b4eccd-eee6-467e-987e-2dc5b3e1ee28",,25991,0,0,"None of these",,"New Project (New Site)","Auto, Auto Components and Light Engineering","Small - more than 25 lakhs and less �than or upto 5 crores",,,
"5a28ed40-4cda-477e-85a5-14c730902863","TO ESTABLISH MFG UNIT AND CATER MARKET IN COMPETITION TO CHINA",13926,0,0,"Export Oriented",,"New Project (New Site)","Textiles/ Apparel/ Knitting/ Embroidery/ Technical textiles","Medium - more than 5 crores and less than 10 crores",,,
"614100f0-49e6-489b-be8b-c96d8384b01b","TEXTILE",1312,0,1,"Export Oriented",,"Expansion Project","Textiles/ Apparel/ Knitting/ Embroidery/ Technical textiles","Small - more than 25 lakhs and less �than or upto 5 crores",,,
"7a5b4905-b4c4-4f2d-8f9a-f34a7f7f0e82",,68,0,0,"None of these",,"New Project (New Site)","Other Industries","Large - more than 10 crores",,,"Real Estate"
"7ff61b15-81c8-410b-be18-801ab322ed2c","TEXTILE",1312,0,1,"Export Oriented",,"Expansion Project","Textiles/ Apparel/ Knitting/ Embroidery/ Technical textiles","Small - more than 25 lakhs and less �than or upto 5 crores",,,
"9a169728-744b-4b70-b553-cf02f4f44019","INDUSTRIAL MARKING MACHINE",,0,0,"None of these",,"New Project (New Site)","Other Industries","Small - more than 25 lakhs and less �than or upto 5 crores",,,"INDUSTRIAL AUTOMATION"
"8f89e6ef-9fad-4b71-882f-c08c0e001149","Fly Ash Bricks",23912,0,0,"None of these",,"New Project (New Site)","Other Industries","Micro - upto 25 lakhs",,,"Construction material production"
"b0739596-829a-4d53-b5c5-6b0664a242c3","Door Fitting Items",,0,0,"None of these",,"New Project (Existing Site)","Auto, Auto Components and Light Engineering","Micro - upto 25 lakhs",,,
"13d2970d-9154-4afd-ac37-ce6baac24b49","NEW ESTABLISHMENT",24236,0,0,"None of these",,"New Project (New Site)","Other Industries","Small - more than 25 lakhs and less �than or upto 5 crores",,,"SURGICAL �CONSUMABLES"
"311001de-2afd-4343-a8ea-6ea5ff6747d1","Fly Ash Bricks",23921,0,0,"None of these",,"New Project (New Site)","Other Industries","Micro - upto 25 lakhs",,,"Fly Ash Bricks"
"21f7e022-ba1a-46d0-92c6-2c1dde71506f","Manufacturing",24236,0,0,"None of these",,"New Project (New Site)","Other Industries","Small - more than 25 lakhs and less �than or upto 5 crores",,,"Surgical Consumables"
"82cce1c9-580f-4b2d-810b-6b496cedc960","MANUFACTURING OF FOAM",32909,0,0,"None of these",,"New Project (Existing Site)","Other Industries","Small - more than 25 lakhs and less �than or upto 5 crores",,,"MANUFACTURING OF FOAM"
"9aad1213-10fe-4dfc-a04e-190e8b397c53","Industrial Manufacturing Unit",17019,1,0,"None of these",,"New Project (New Site)","Other Industries","Small - more than 25 lakhs and less �than or upto 5 crores",,,"Manufacture of other primary paper materials including composite paper and paper board n.e.c."
"2c1bc201-548f-4454-9799-0ab775c64aed",,,0,0,"None of these",,"New Project (New Site)","Other Industries","Medium - more than 5 crores and less than 10 crores",,,"Plastic Goods"
"3c1b6fe0-707c-4354-bb76-cd7939a5f3b6","10 lacs",,0,0,"None of these",,"New Project (New Site)","Textiles/ Apparel/ Knitting/ Embroidery/ Technical textiles","Micro - upto 25 lakhs",,,
"4d35865c-a9f1-4e42-9896-1493480dce1b","EDUCATION",,1,0,"None of these",,"New Project (New Site)","Other Industries","Small - more than 25 lakhs and less �than or upto 5 crores",,,"SERVICE SECTOR"
"d43c51bd-84aa-4acb-b4aa-8b0cd63b9808","READY TO SERVE FRUIT BEVARAGES",,0,1,"None of these",,"New Project (New Site)","Agro-based, Food Processing and Allied Industry","Small - more than 25 lakhs and less �than or upto 5 crores",,,
"5b0202e4-27c0-4652-af6b-5f65ec7b87a2",,,0,0,"None of these",,"New Project (New Site)","Other Industries","Micro - upto 25 lakhs",,,"Rcycle used oil"
"fcfadcea-c07d-4d28-bb2e-90c2b6213029",500000,127308,0,0,"None of these",,"New Project (New Site)","Other Industries","Micro - upto 25 lakhs",,,"Interlocking tiles"
"e392213c-fc1f-4535-bef4-c20f6a821e18","EXPANSION",,1,0,"None of these",,"Expansion Project","Pharmaceutical Industry","Large - more than 10 crores",,,
"afed5523-39e5-41dc-a82e-4700a83b13bb","Interlocking Tiles",127308,0,0,"None of these",,"New Project (New Site)","Other Industries","Micro - upto 25 lakhs",,,"Industries"
"830d2a5b-cf54-4d06-ac2c-57724335c15b","mfg of minieral water",11043,0,0,"None of these",,"New Project (New Site)","Agro-based, Food Processing and Allied Industry","Micro - upto 25 lakhs",,,
"b900378f-8530-4b05-a6f3-132866c700ff","Interlocking Tiles",127046,0,0,"None of these",,"New Project (New Site)","Other Industries","Micro - upto 25 lakhs",,,"Industries"
"1730193d-94c6-44e1-9442-44f98b811b38",,,0,0,"Export Oriented",,"New Project (New Site)","Agro-based, Food Processing and Allied Industry","Medium - more than 5 crores and less than 10 crores",,,
"dac5ab6f-49e6-4366-aa2a-bf9b13c48030","SETTING UP AN INDUSTRIES FOR PICKLES",10306,0,0,"None of these",,"Expansion Project","Agro-based, Food Processing and Allied Industry","Micro - upto 25 lakhs",,,
"72321ac8-b412-41f4-8a61-8a9f94896238","Interlocking Tiles",127041,0,0,"None of these",,"New Project (New Site)","Other Industries","Micro - upto 25 lakhs",,,"Industries"
"8e881508-6dc0-468e-8221-cacf4f0ecf15",0.2,,0,0,"None of these",,"New Project (New Site)","Other Industries","Micro - upto 25 lakhs",,,"1-A"
"310760e2-8992-40f1-a573-505d5bc1e998","Cotton Ginning",,0,0,"None of these",,"New Project (New Site)","Agro-based, Food Processing and Allied Industry","Small - more than 25 lakhs and less �than or upto 5 crores",,,
"69db06ad-8c27-4f3c-82c3-b7a4143873a4","To act as an ancillary to Varun Beverages Ltd. PEPSI manufacturer having its Plant at Nuh",,0,0,"None of these",,"New Project (New Site)","Other Industries","Medium - more than 5 crores and less than 10 crores",,,"Bottle Caps Manufacturer"
"35e9151e-b9ad-49b4-b8a0-9787dd191cd3","Manufacturing of label �and stickers",,0,0,"None of these",,"New Project (New Site)","Other Industries","Small - more than 25 lakhs and less �than or upto 5 crores",,,"packaging matrial"
"2995838b-5cab-44af-879f-3c0fae9f4b7c","HELIPAD",,0,0,"None of these",,"New Project (New Site)","Other Industries","Large - more than 10 crores",,,"HWLIPAD"
"f93bb206-9d2c-4f60-abbd-48224cf31d5a",,,0,0,"None of these",,"New Project (Existing Site)","Agro-based, Food Processing and Allied Industry","Micro - upto 25 lakhs",,,
"8b30093c-d23a-46ea-8482-0e63b98ce500",,,0,0,"None of these",,"New Project (New Site)","Agro-based, Food Processing and Allied Industry","Micro - upto 25 lakhs",,,
"370ba914-de09-458a-8b77-22104eee8ca7",,,1,0,"None of these",,"New Project (New Site)","Electronics & IT/ITES","Large - more than 10 crores",,,
"59ea643c-2d21-47e7-82ee-708e471f51ad","Educational Services",,0,0,"None of these",,"New Project (New Site)","Other Industries","Small - more than 25 lakhs and less �than or upto 5 crores",,,"Technical Education"
"3d4f4c27-1227-4e05-950c-891186fe3950","Industrial unit",16213,0,0,"None of these",,"New Project (New Site)","Other Industries","Small - more than 25 lakhs and less �than or upto 5 crores",,,"Manufacture of flush doors and other boards or panels"
"6fb466c0-9ecb-43c4-b4db-d0f7f0840b7a",,,0,0,"Highly Technical",,"New Project (New Site)","Chemical Industry","Large - more than 10 crores",,,
"4be21afa-d32b-42a1-9470-4d8fe79399f3","Research and Development, Technology Deployement",,0,0,"Highly Technical",,"New Project (New Site)","Other Industries","Large - more than 10 crores",,,"Alternative and Renewable Energies, Oil, Petroleum and petrochemical Research"
"329fa008-ca69-4d5f-9e8a-8825458ef7cd",,,0,0,"None of these",,"New Project (New Site)","Chemical Industry","Small - more than 25 lakhs and less �than or upto 5 crores",,,
"a3caa5dc-4e74-419d-b7c4-05652fc2a4c9","Education",853,0,0,"None of these",,"New Project (New Site)","Other Industries","Small - more than 25 lakhs and less �than or upto 5 crores",,,"Education"
"ba36e759-03d0-41b7-8140-90ffce4bb4b5","Machinery Parts",,0,0,"None of these",,"New Project (New Site)","Auto, Auto Components and Light Engineering","Medium - more than 5 crores and less than 10 crores",,,
"19cf7010-8608-4991-ad17-3facb693f9b5","45 lacs",,0,0,"None of these",,"New Project (New Site)","Agro-based, Food Processing and Allied Industry","Small - more than 25 lakhs and less �than or upto 5 crores",,,
"c0b51d36-8943-4d9c-ae59-1acef4a341ba",,,0,0,"None of these",,"New Project (New Site)","Agro-based, Food Processing and Allied Industry","Large - more than 10 crores",,,
"3499b902-7fe7-415b-a5e2-435c8dbda538","Fly Ash Bricks",23921,0,0,"None of these",,"New Project (New Site)","Other Industries","Micro - upto 25 lakhs",,,"Industries"
"f9481913-863f-44bf-9798-430c41852aa8",,"10711, 10712, 10719",0,0,"None of these",,"New Project (New Site)","Agro-based, Food Processing and Allied Industry","Medium - more than 5 crores and less than 10 crores",,,
"0b886542-0f56-4ec4-98c4-df9aebdaca11",,,0,0,"None of these",,"New Project (Existing Site)","Agro-based, Food Processing and Allied Industry","Small - more than 25 lakhs and less �than or upto 5 crores",,,
"4253da0d-c311-4481-830d-75bb85c67a8f",,,0,0,"None of these",,"New Project (New Site)","Other Industries","Micro - upto 25 lakhs",,,"FABRICTION OF STEEL AND IRON"
"fdf526cc-00e5-4895-90cc-7096cb79af37","mfg. of plastic products",22209,0,1,"Export Oriented",,"New Project (New Site)","Other Industries","Small - more than 25 lakhs and less �than or upto 5 crores",,,"plastic products"
"36a750d6-2ab7-4b00-a640-a12742934e32","MACHINING TREATMENT AND COATING OF METALS",,0,0,"None of these",,"New Project (New Site)","Other Industries","Medium - more than 5 crores and less than 10 crores",,,"SERVICE"
"223e620f-fef6-4127-98f0-05120abc3c95","Refining of used oil",,0,0,"None of these",,"New Project (Existing Site)","Other Industries","Small - more than 25 lakhs and less �than or upto 5 crores",,,"Refining of used Oil"
"84de474e-210c-4ccd-bfa1-d999585845c6","Plastic Products",22209,0,0,"None of these",,"New Project (New Site)","Other Industries","Small - more than 25 lakhs and less �than or upto 5 crores",,,"Industries"
"52c91637-fd00-4095-88c1-eebf68e663ac","PRODUCTION OF MUSHROOMS",,0,0,"None of these",,"New Project (New Site)","Agro-based, Food Processing and Allied Industry","Small - more than 25 lakhs and less �than or upto 5 crores",,,
"d82d566a-bff8-41af-8a70-1272fce97ed3",,,0,0,"None of these",,"New Project (Existing Site)","Agro-based, Food Processing and Allied Industry","Small - more than 25 lakhs and less �than or upto 5 crores",,,
"0cb7237d-b0ad-4cb8-b68a-ec74286d210b","ManufacturingDesigning of Furniture Goods and Articles Seasoning of Goods",,0,0,"None of these",,"New Project (New Site)","Other Industries","Micro - upto 25 lakhs",,,"ManufacturingDesigning of Furniture Goods and Articles Seasoning of Goods"
"32bc9f27-13b8-4a44-b3b1-fd366df2c097",,13999,0,0,"None of these",,"New Project (New Site)","Textiles/ Apparel/ Knitting/ Embroidery/ Technical textiles","Small - more than 25 lakhs and less �than or upto 5 crores",,,
"4fe0f6a5-e87f-4e10-a0cb-f7659cce30b8","Logistic Park",,0,1,"None of these",,"New Project (New Site)","Other Industries","Large - more than 10 crores",,,"Warehouse"
"834a0e23-c332-434e-98fc-3a0df1332e4a","API Manufacturing",,0,0,"Highly Technical",,"New Project (New Site)","Pharmaceutical Industry","Small - more than 25 lakhs and less �than or upto 5 crores",,,
"a80961eb-f2e5-4c68-92b8-a03bc3ddc2fe","Industrial project",10619,0,0,"None of these",,"New Project (New Site)","Agro-based, Food Processing and Allied Industry","Small - more than 25 lakhs and less �than or upto 5 crores",,,
"38b0f3bd-01fe-4513-9433-44a21d8b1cf7","warehousing and logistics",,0,0,"None of these",,"New Project (New Site)","Other Industries","Large - more than 10 crores",,,"warehousing and logistics"
"0f5045ab-d314-4561-a080-1c2cf406f200",,,0,0,"Export Oriented",,"Expansion Project","Textiles/ Apparel/ Knitting/ Embroidery/ Technical textiles","Medium - more than 5 crores and less than 10 crores",,,
"a4184722-5dcb-4a44-9e17-97d3e09cb36f",,,0,0,"None of these",,"New Project (New Site)","Other Industries","Small - more than 25 lakhs and less �than or upto 5 crores",,,"bag and other"
"a3419c5b-d4b2-40a2-8964-df90dbd4d025",,,0,0,"None of these",,"New Project (New Site)","Other Industries","Micro - upto 25 lakhs",,,"BIO. TOILET"
"4681b2e5-2d30-45b0-8f70-cc5d53baec70","MEAT PLANT",,0,0,"Export Oriented",,"New Project (New Site)","Agro-based, Food Processing and Allied Industry","Large - more than 10 crores",,,
"9670cc10-6d87-45eb-9da7-a17707ac17b4","Jute Bags",,0,0,"None of these",,"New Project (New Site)","Other Industries","Small - more than 25 lakhs and less �than or upto 5 crores",,,"Mfg of Jute Bags"
"30e22eb9-1937-4338-a4a2-ffde138f9e96","INDUSTRIAL UNIT",22207,0,0,"None of these",,"New Project (New Site)","Other Industries","Micro - upto 25 lakhs",,,"Manufacture of moulded industrial accessories of plastics"
"8bad38d8-6ece-49c1-9f87-868c0032b89b",,68100,0,0,"None of these",,"New Project (New Site)","Other Industries","Large - more than 10 crores",,,"industrial"
"d7cfeba4-49c5-4d8a-8015-9d1d367c5c3c",,,0,0,"Export Oriented",,"New Project (New Site)","Other Industries","Small - more than 25 lakhs and less �than or upto 5 crores",,,"Manufacture"
"d69a2464-64e6-4167-8f81-dbc1dbfd5fc9",,,0,0,"None of these",,"New Project (New Site)","Other Industries","Small - more than 25 lakhs and less �than or upto 5 crores",,,"ICE Factory"
"0c6c90c6-72b2-4310-8144-85a1ec6fd347",,,0,0,"None of these",,"New Project (New Site)","Other Industries","Small - more than 25 lakhs and less �than or upto 5 crores",,,"Packaging"
"08235088-fdac-4151-be3a-c65908bdd39b",,,0,1,"None of these",,"New Project (New Site)","Other Industries","Small - more than 25 lakhs and less �than or upto 5 crores",,,"Brick Kiln"
"d3e4195a-80ba-4a2f-b9ec-6dba4bc17fe6","Food Processing",,0,0,"Highly Technical",,"New Project (New Site)","Agro-based, Food Processing and Allied Industry","Small - more than 25 lakhs and less �than or upto 5 crores",,,
"6dca64c5-5181-4786-9b5f-b31d00101024",,,0,0,"None of these",,"New Project (New Site)","Other Industries","Small - more than 25 lakhs and less �than or upto 5 crores",,,"Paper and packing"
"7b0c6f54-ea01-454f-a17a-0d930985ed6c",,,0,0,"None of these",,"New Project (New Site)","Other Industries","Small - more than 25 lakhs and less �than or upto 5 crores",,,"Lead Ingots"
"3460fde7-fc90-417a-920d-b29e31453053",,,0,0,"None of these",,"New Project (New Site)","Other Industries","Micro - upto 25 lakhs",,,"Education"
"ffe7e8f1-894c-4903-96da-edd3156b327b","STEEL PIPE AND TUBE MANUFACTURING",,0,0,"None of these",,"New Project (New Site)","Other Industries","Small - more than 25 lakhs and less �than or upto 5 crores",,,"STEEL PIPE AND TUBE MANUFACTURING"
"a2811d63-46c3-493b-8961-0b6e6e091626","Business Expansion",,0,0,"None of these",,"Expansion Project","Other Industries","Large - more than 10 crores",,,"Stainless Steel Cutlery,Utensils"
"d3d99f80-3fc8-4edd-9743-a51e280d0228","Manufacturing Recycled Kraft Paper","4804 29 00,4804 39 00",0,0,"Highly Technical",,"New Project (New Site)","Other Industries","Small - more than 25 lakhs and less �than or upto 5 crores",,,"Recycled Kraft Paper"
"cb954fa1-209f-4667-aaa8-c163ee01580b","Food Processing",,0,0,"None of these",,"New Project (Existing Site)","Other Industries","Large - more than 10 crores",,,"food processing"
"d83ff702-2250-43ae-948c-7805f7f53f86","Senior School Nsy to V in phase 1",,0,0,"None of these",,"New Project (New Site)","Other Industries","Large - more than 10 crores",,,"Education Sector"
"a0763bc9-2026-4d58-a2fe-82d4e9156dd1","MANUFACTURING",,0,0,"None of these",,"New Project (New Site)","Other Industries","Small - more than 25 lakhs and less �than or upto 5 crores",,,"MANUFACTURING OF STEEL PIPLE AND TUBE"
"b50182f7-ccdf-4465-9aa0-098c567fe580","SCHOOL",,0,0,"None of these",,"New Project (New Site)","Other Industries","Small - more than 25 lakhs and less �than or upto 5 crores",,,"SERVICE SECTOR"
"4b906ec8-c0d4-4aa5-821f-74d492a62146","PVC compound and wire drawing of aluminium and copper",273,0,0,"None of these",,"New Project (Existing Site)","Other Industries","Small - more than 25 lakhs and less �than or upto 5 crores",,,"Cable"
"82c9c18c-e1fa-4a83-9956-9759919c3e11","Manufacturing",,0,0,"None of these",,"New Project (Existing Site)","Other Industries","Small - more than 25 lakhs and less �than or upto 5 crores",,,"Concrete Works"
"c51ded7b-7cdb-4956-80f6-4d614690acc9","PASTA AND OTHER FOOD PROCESSING",,0,0,"Highly Technical",,"New Project (Existing Site)","Agro-based, Food Processing and Allied Industry","Large - more than 10 crores",,,
"c408476f-02ee-414d-89f6-07061d9fa201","APPROVAL OF BUILDING PLAN",,0,0,"None of these",,"New Project (Existing Site)","Other Industries","Small - more than 25 lakhs and less �than or upto 5 crores",,,"RUBBER ROLLER MFG."
"00e126e3-0761-4236-9f7f-07710f9972e7",,,0,0,"None of these",,"New Project (New Site)","Auto, Auto Components and Light Engineering","Small - more than 25 lakhs and less �than or upto 5 crores",,,
"80c03581-d5c9-410d-b4b4-d1951ed7ce75","Production of Bio Power Plant Plus Organic Fertilizer Unit",,0,0,"None of these",,"New Project (New Site)","Other Industries","Micro - upto 25 lakhs",,,"Production"
"042b7c0f-46da-4476-9371-d242ade6e2d4",,,0,1,"None of these",,"New Project (New Site)","Textiles/ Apparel/ Knitting/ Embroidery/ Technical textiles","Large - more than 10 crores",,,
"5bd29689-c395-46ae-894c-7fbe2b1b9d09","Steel Rolls",,0,0,"None of these",,"New Project (New Site)","Other Industries","Small - more than 25 lakhs and less �than or upto 5 crores",,,"Industrial Sector"
"e558553b-1232-42c0-b5b7-f4ec1e454e46","service",52101,1,0,"None of these",,"New Project (New Site)","Other Industries","Medium - more than 5 crores and less than 10 crores",,,"fruit and vegetables cold store"
"d9057b15-70e3-4b19-8040-0613fab771e9","MARRIAGE PALACE",,0,0,"None of these",,"New Project (New Site)","Other Industries","Small - more than 25 lakhs and less �than or upto 5 crores",,,"SERVICE PROVIDER"
"a264b82d-1e5a-48a5-a848-cc1d9c185a3d",,,0,0,"None of these",,"New Project (New Site)","Agro-based, Food Processing and Allied Industry","Small - more than 25 lakhs and less �than or upto 5 crores",,,
"03503da3-56e5-445d-950b-cc56ed5fd22b","Milk Dairy Processing Plant (Food Processing) for the manufacture of pasteurized milk and dairy prod","10501, 10504, 10509",0,0,"None of these",,"New Project (New Site)","Agro-based, Food Processing and Allied Industry","Large - more than 10 crores",,,
"0ed03fb1-60bb-4f28-a48f-0483ba1ad5e8","Manufacturing",,0,0,"None of these",,"New Project (New Site)","Other Industries","Small - more than 25 lakhs and less �than or upto 5 crores",,,"Small"
"2db71826-2756-453e-9c97-970ef528cb09",,,0,0,"None of these",,"New Project (Existing Site)","Textiles/ Apparel/ Knitting/ Embroidery/ Technical textiles","Small - more than 25 lakhs and less �than or upto 5 crores",,,
"329a1b84-559f-4c9d-ae86-56ed96bb5d66",,,0,1,"Highly Technical",,"New Project (New Site)","Electronics & IT/ITES","Large - more than 10 crores",,,
"5cd86b4f-650e-417a-bd6f-ce643d786f38",,,0,0,"None of these",,"New Project (Existing Site)","Textiles/ Apparel/ Knitting/ Embroidery/ Technical textiles","Small - more than 25 lakhs and less �than or upto 5 crores",,,
"8427ed6c-71ac-4d40-a9d2-739d08e689aa","sds",123,0,0,"Export Oriented",,"New Project (New Site)","Auto, Auto Components and Light Engineering","Large - more than 10 crores",,,
"33ae3426-aaf7-402d-9bda-77469d8df13b",,,0,0,"Highly Technical",,"New Project (New Site)","Footwear and Accessories","Small - more than 25 lakhs and less �than or upto 5 crores",,,
"b51d050e-1b29-43b3-b610-81a47fbcf014","WORKSHOP",,0,0,"None of these",,"New Project (New Site)","Other Industries","Micro - upto 25 lakhs",,,"SERVICE INDUSTRIES"
"c7a267ff-d1b1-4538-967c-ebf2c7f8f905",,,1,1,"None of these",,"New Project (New Site)","Textiles/ Apparel/ Knitting/ Embroidery/ Technical textiles","Small - more than 25 lakhs and less �than or upto 5 crores",,,
"b6a52fba-36a4-4b8f-9cd1-518149120d41",,,0,0,"None of these",,"New Project (New Site)","Auto, Auto Components and Light Engineering","Medium - more than 5 crores and less than 10 crores",,,
"977fc35e-e66a-4b15-88c7-908520d0e736","Mfg Steel Sinks and Bathroom Fittings",,0,0,"None of these",,"New Project (New Site)","Other Industries","Small - more than 25 lakhs and less �than or upto 5 crores",,,"sector-31"
"8f823a1b-ff92-4248-9843-34a9a2fd5567","COLD STORE",,0,0,"None of these",,"New Project (New Site)","Agro-based, Food Processing and Allied Industry","Small - more than 25 lakhs and less �than or upto 5 crores",,,
"a8016b63-c88a-4bd5-9a06-b65c42247411","Production",,0,0,"None of these",,"New Project (New Site)","Other Industries","Small - more than 25 lakhs and less �than or upto 5 crores",,,"Secto-31"
"1d2d5c22-056c-4b65-994b-36ef85178994",,,0,0,"Highly Technical",,"New Project (New Site)","Agro-based, Food Processing and Allied Industry","Small - more than 25 lakhs and less �than or upto 5 crores",,,
"cd134164-6dbc-433d-8af4-d88e60cefe4e",,,0,0,"Export Oriented",,"New Project (New Site)","Agro-based, Food Processing and Allied Industry","Medium - more than 5 crores and less than 10 crores",,,
"1c3f4d7a-7574-446d-afb4-ec1535a1a401",,,0,0,"None of these",,"Expansion Project","Agro-based, Food Processing and Allied Industry","Small - more than 25 lakhs and less �than or upto 5 crores",,,
"5692d9f9-0677-40dc-9697-8698253d2643","Manufacturing",,0,0,"Export Oriented",,"New Project (New Site)","Auto, Auto Components and Light Engineering","Large - more than 10 crores",,,
"73b16c62-e53b-442f-97c1-0b52b3eab026","FOOD DHABA",,0,1,"None of these",,"New Project (New Site)","Agro-based, Food Processing and Allied Industry","Small - more than 25 lakhs and less �than or upto 5 crores",,,"FOOD DHABA"
"240cb130-3a7d-4aed-b94e-09041d67433b",,,0,1,"Export Oriented","USA","New Project (New Site)","Textiles/ Apparel/ Knitting/ Embroidery/ Technical textiles","Large - more than 10 crores",,,
"1cab7bcb-64cf-4354-a0af-a3f048a1a427","Test",1234,0,0,"Export Oriented","USA","New Project (Existing Site)","Auto, Auto Components and Light Engineering","Medium - more than 5 crores and less than 10 crores",,,
"abf67e95-893d-4b57-a473-603cab984937",,,0,0,"None of these",,"New Project (New Site)","Other Industries","Small - more than 25 lakhs and less �than or upto 5 crores",,,"SS Utensils cutlery"
"f00c74f0-f0fc-4a9d-9bb8-e89cd9bae996",,,0,0,"None of these",,"Expansion Project","Other Industries","Large - more than 10 crores",,,"BEVERAGES"
"a58a31a3-2a38-4eef-a4ab-b33724a099b1",,1,0,0,"None of these",,"New Project (New Site)","Agro-based, Food Processing and Allied Industry","Medium - more than 5 crores and less than 10 crores",,,
"b91c795c-3fad-4ae9-bd3d-98c6eac9b8e9",,,0,0,"Highly Technical",,"New Project (New Site)","Chemical Industry","Large - more than 10 crores",,,
"d636fd4c-7a81-4da6-9de4-b0e42d5d9589",,,0,0,"None of these",,"New Project (New Site)","Agro-based, Food Processing and Allied Industry","Small - more than 25 lakhs and less �than or upto 5 crores",,,
"21d64369-d721-4516-a8ce-833befedf99a",,,0,0,"None of these",,"Expansion Project","Auto, Auto Components and Light Engineering","Small - more than 25 lakhs and less �than or upto 5 crores",,,
"dc05b486-8384-45a9-af36-c4eada991d11",,,0,0,"Highly Technical",,"New Project (Existing Site)","Textiles/ Apparel/ Knitting/ Embroidery/ Technical textiles","Small - more than 25 lakhs and less �than or upto 5 crores",,,
"762a8a73-e01c-4317-9097-3db76cdd38d7","MANUFECTURING OF OIL CAKE AND OIL",,0,0,"None of these",,"New Project (New Site)","Other Industries","Small - more than 25 lakhs and less �than or upto 5 crores",,,"MANUFECTURING OF OIL CAKE AND OIL (OIL MILL)"
"d4b646a8-5fd8-44f3-b80a-eb6965b0b1d1",,,0,0,"None of these",,"New Project (New Site)","Agro-based, Food Processing and Allied Industry","Small - more than 25 lakhs and less �than or upto 5 crores",,,
"b221c9c2-e3c4-4c90-a538-19f8f5093b56",,,0,0,"None of these",,"New Project (New Site)","Other Industries","Small - more than 25 lakhs and less �than or upto 5 crores",,,"CABLES AND POLYMER INSULATOR"
"10fc5287-298e-4704-aea9-d0cb52caee6c",,,0,0,"Export Oriented",,"New Project (New Site)","Agro-based, Food Processing and Allied Industry","Small - more than 25 lakhs and less �than or upto 5 crores",,,
"9a40e413-204b-4798-825e-3e6fd8cec877",,,0,0,"Highly Technical",,"New Project (Existing Site)","Auto, Auto Components and Light Engineering","Large - more than 10 crores",,,
"cd94a81b-93aa-4fe3-9262-6ddeb19a8138",,,0,0,"None of these",,"New Project (New Site)","Agro-based, Food Processing and Allied Industry","Small - more than 25 lakhs and less �than or upto 5 crores",,,
"d7aed503-de20-45bc-8383-8895a5c69477",,,0,0,"None of these",,"New Project (New Site)","Other Industries","Small - more than 25 lakhs and less �than or upto 5 crores",,,"Aluminium utensils"
"71c22d4d-d25e-47fb-b173-2b2c532165c1","Manufacturing of Auot Parts",,0,0,"Involving Technical Collaboration with Foreign Investor","Japan","New Project (New Site)","Auto, Auto Components and Light Engineering","Large - more than 10 crores",,,
"3f83312f-e9a6-427a-82d4-a82151018d6f","Manufacturing",,0,0,"None of these",,"New Project (New Site)","Other Industries","Micro - upto 25 lakhs",,,"Mfg. of Steel wire tokra and stand"
"62e4f159-e992-4afc-a026-3b4fb04007b2","Fruit Juice",,0,0,"None of these",,"New Project (New Site)","Agro-based, Food Processing and Allied Industry","Small - more than 25 lakhs and less �than or upto 5 crores",,,
"0cf49507-23da-45ee-b17d-8b2999e79408",,,0,0,"Export Oriented",,"New Project (New Site)","Agro-based, Food Processing and Allied Industry","Small - more than 25 lakhs and less �than or upto 5 crores",,,
"2b7e27c1-c25b-4ac5-b7dc-4f191dd1fbff",,,0,0,"None of these",,"New Project (New Site)","Agro-based, Food Processing and Allied Industry","Large - more than 10 crores",,,
"c2faaa24-b490-4731-b4c8-067fa5562300","AC and Washing Machine",,0,0,"None of these",,"Expansion Project","Other Industries","Large - more than 10 crores",,,"Consumer Electronics"
"7e1103b0-eaa6-4ca2-b131-cafdf6a98857","Milk Chilling Plant",,0,0,"None of these",,"New Project (New Site)","Agro-based, Food Processing and Allied Industry","Small - more than 25 lakhs and less �than or upto 5 crores",,,
"8e91fbbd-2f19-4082-a92b-c77d639b9ba7","Car Audio System",,0,0,"None of these",,"New Project (Existing Site)","Other Industries","Large - more than 10 crores",,,"Electronics Manufacturing"
"5b6164ae-8055-4b63-a5a3-9cabee6ef5d5","Mfg.",,0,0,"None of these",,"New Project (New Site)","Other Industries","Micro - upto 25 lakhs",,,"Electrical Iron Box"
"fe545afb-d37f-44ee-833e-d570eafe24a8","MANUFACTURING OF FASHION FABRIC BAGS AND ACCESSORIES",,0,0,"Export Oriented",,"Expansion Project","Textiles/ Apparel/ Knitting/ Embroidery/ Technical textiles","Small - more than 25 lakhs and less �than or upto 5 crores",,,
"d54b55db-7167-4841-a58e-454a39d6b835","AFFORDABLE HOMES","-",0,0,"None of these",,"New Project (New Site)","Other Industries","Large - more than 10 crores",,,"REAL ESTATE"
"7133982a-cc10-4b5d-aa72-51c41fefb224",,,0,0,"Highly Technical",,"New Project (New Site)","Other Industries","Micro - upto 25 lakhs",,,"LEAD RECYCLING PLANT"
"58373d0d-bd8d-4695-85d7-7a7cb5f92ed9",,,0,0,"Highly Technical",,"New Project (New Site)","Agro-based, Food Processing and Allied Industry","Small - more than 25 lakhs and less �than or upto 5 crores",,,
"fceea5be-dc1f-4dfd-83d9-c7e514ebab79","Mfg. of Wire Nails",,0,0,"None of these",,"New Project (New Site)","Other Industries","Micro - upto 25 lakhs",,,"Iron Engineering"
"2ae88dbc-3455-4f7d-92fe-aa001462d53b","Mfg �of Art and Craft Items, Dhoop Aggarbati , Wooden and Stone Jewelleries ,Handloom Items and Wood",,0,0,"None of these",,"New Project (New Site)","Other Industries","Small - more than 25 lakhs and less �than or upto 5 crores",,,"Sector-49"
"02d4ae5e-a8b4-40eb-90a7-2a322a1503a1",,,0,0,"Highly Technical",,"New Project (New Site)","Other Industries","Micro - upto 25 lakhs",,,"LEAD RECYCLING UNIT"
"1799cfb9-718a-487b-86ad-411c56c3f6d9","IT Enabled Services",,0,0,"Export Oriented",,"New Project (New Site)","Electronics & IT/ITES","Small - more than 25 lakhs and less �than or upto 5 crores",,,
"2f6b1527-a4b1-4948-880d-663fbe334c94",,,0,0,"None of these",,"New Project (New Site)","Agro-based, Food Processing and Allied Industry","Small - more than 25 lakhs and less �than or upto 5 crores",,,
"857e72a9-191f-488e-b5a7-676734f53a30",,,0,0,"Involving Financial Collaboration with Foreign Investor","USA","New Project (New Site)","Other Industries","Large - more than 10 crores",,,"Warehousing"
"8bfe43b8-586b-4a0c-a816-90d2057756c8","SEZ",,0,0,"Export Oriented",,"New Project (Existing Site)","Other Industries","Large - more than 10 crores",,,"BIOTECHNOLOGY"
"b986df76-faab-4418-9d8b-4f73af02239a",,,0,0,"None of these",,"New Project (New Site)","Agro-based, Food Processing and Allied Industry","Micro - upto 25 lakhs",,,
"49983bb3-b3f5-457d-83c1-91771b1af66a","INDUSTRIAL PROJECT",16219,1,0,"None of these",,"New Project (New Site)","Other Industries","Small - more than 25 lakhs and less �than or upto 5 crores",,,"PLYWOOD MANUFACTURING"
"9355d031-d926-42c9-85d6-6ad0d604381e",,,0,1,"None of these",,"Expansion Project","Chemical Industry","Small - more than 25 lakhs and less �than or upto 5 crores",,,
"4b3086e5-5ef5-4e17-a16e-d27c6f992af8",,,0,0,"Export Oriented",,"New Project (New Site)","Auto, Auto Components and Light Engineering","Large - more than 10 crores",,,
"0c202580-62eb-4bdf-8be8-347460539114","Oil Mill",,0,0,"None of these",,"New Project (New Site)","Agro-based, Food Processing and Allied Industry","Small - more than 25 lakhs and less �than or upto 5 crores",,,
"a6a14615-b322-4245-9941-c123beaa4668","cattle feed",,0,0,"None of these",,"New Project (New Site)","Agro-based, Food Processing and Allied Industry","Small - more than 25 lakhs and less �than or upto 5 crores",,,
"dbb6e911-e810-44bb-9cc9-787b363be1ee","TUBEWELL BOARING MACHINE",,0,0,"Highly Technical",,"New Project (New Site)","Other Industries","Micro - upto 25 lakhs",,,"TUBEWELL BOARING MACHINE"
"7c6931fc-9356-4472-ae90-5493821fdbc2","TUBEWELL BOARING MACHINE",,0,0,"Highly Technical",,"New Project (New Site)","Other Industries","Micro - upto 25 lakhs",,,"TUBEWELL BOARING MACHINE"
"2aae5545-4527-4369-9f1e-12d327d6891d","TUBEWELL BOARING MACHINE",,0,0,"Highly Technical",,"New Project (New Site)","Other Industries","Micro - upto 25 lakhs",,,"TUBEWELL BOARING MACHINE"
"badb544d-fa86-4b58-8fed-59c8fc4eef59","MINRAL WATER",,0,1,"Highly Technical",,"New Project (New Site)","Agro-based, Food Processing and Allied Industry","Small - more than 25 lakhs and less �than or upto 5 crores",,,
"321ec065-a5ed-459a-b5fd-84f258ca5694","MILK PROCESSING",,0,0,"None of these",,"New Project (New Site)","Agro-based, Food Processing and Allied Industry","Small - more than 25 lakhs and less �than or upto 5 crores",,,
"bba8b9c8-b636-422c-b048-479caf499a46",,,0,0,"None of these",,"New Project (New Site)","Other Industries","Small - more than 25 lakhs and less �than or upto 5 crores",,,"Manufacturing of machines"
"e5b71540-98a8-456b-a868-60e2b852ce72",,,0,0,"None of these",,"New Project (New Site)","Other Industries","Small - more than 25 lakhs and less �than or upto 5 crores",,,"aluminiumcastings"
"9a2d3e72-31ea-4386-afd4-aa6a827a7a4b",,,0,0,"None of these",,"New Project (New Site)","Agro-based, Food Processing and Allied Industry","Micro - upto 25 lakhs",,,
"29260153-3fb9-44fb-85d3-9847c16f2fa1","Manufacturing of decorative lights led bulb",,0,0,"Export Oriented","Austria","New Project (New Site)","Other Industries","Large - more than 10 crores",,,"03-Mar"
"7f86e01c-b43a-4a8b-85fb-3cf2b18aa6fd","Manufacturing",,0,0,"None of these",,"New Project (New Site)","Other Industries","Micro - upto 25 lakhs",,,"Steel wire tokra and stand"
"eab3a97b-0389-43de-a219-7dde26938d15",,,0,0,"None of these",,"New Project (New Site)","Auto, Auto Components and Light Engineering","Small - more than 25 lakhs and less �than or upto 5 crores",,,
"5a81e98d-eca1-478c-bea6-719397417233","Mfg of Fibre Sheet",,0,0,"None of these",,"New Project (New Site)","Chemical Industry","Micro - upto 25 lakhs",,,
"2a1ac3ca-5b06-4e11-842f-f4ef8583ed96",,,0,0,"None of these",,"New Project (New Site)","Other Industries","Small - more than 25 lakhs and less �than or upto 5 crores",,,"ALL INDUSTRIAL PURPOSE"
"d5e276f8-0d0b-42ef-b57e-38ed93213742",,,0,0,"None of these",,"Expansion Project","Other Industries","Small - more than 25 lakhs and less �than or upto 5 crores",,,"MACHINE TOOLS MANUFACTURING"
"718293c6-e916-4622-b60e-1a0ed40d45ac",,,0,0,"Highly Technical",,"New Project (New Site)","Auto, Auto Components and Light Engineering","Small - more than 25 lakhs and less �than or upto 5 crores",,,
"1365877a-c5ad-400b-8a35-d73074b809a5",,,0,0,"Involving Technical Collaboration with Foreign Investor","Japan","New Project (New Site)","Auto, Auto Components and Light Engineering","Large - more than 10 crores",,,
"94d4f10f-3d18-44ab-a28a-e989becc21cc",,,0,0,"Highly Technical",,"New Project (New Site)","Other Industries","Small - more than 25 lakhs and less �than or upto 5 crores",,,"PACKAGING"
"5f8f337d-eeb6-4c78-8f18-f1e684e247af",,,0,0,"Highly Technical",,"New Project (New Site)","Auto, Auto Components and Light Engineering","Small - more than 25 lakhs and less �than or upto 5 crores",,,
"6cd66077-fa28-4221-b48c-9ed77f7767ee","EXPORTS",1393,0,0,"Export Oriented",,"New Project (New Site)","Textiles/ Apparel/ Knitting/ Embroidery/ Technical textiles","Large - more than 10 crores",,,
"f130b36e-9d6b-4cc7-b3ae-ac0907188185",,,0,0,"Export Oriented",,"Expansion Project","Other Industries","Small - more than 25 lakhs and less �than or upto 5 crores",,,"PACKAGING"
"08110b73-ba45-4cc1-bc4a-02af4adaee42",,,0,0,"None of these",,"New Project (New Site)","Other Industries","Small - more than 25 lakhs and less �than or upto 5 crores",,,"ELECTRICAL PANEL"
"adf27e2c-32a9-4e76-912d-726687d6fd20","Fibre Sheet",,0,0,"None of these",,"New Project (New Site)","Chemical Industry","Micro - upto 25 lakhs",,,
"eab0dead-7e8a-41b4-8a83-d922361eae84","PLASTIC MOULDING UNIT FOR AUTOMOBILE AND ALLIED INDUSTURY",,0,0,"Export Oriented",,"Expansion Project","Auto, Auto Components and Light Engineering","Small - more than 25 lakhs and less �than or upto 5 crores",,,
"23600ab3-8c3b-4e7b-ac9e-473304ef0ee5","Components",,0,0,"None of these",,"New Project (New Site)","Auto, Auto Components and Light Engineering","Small - more than 25 lakhs and less �than or upto 5 crores",,,
"15c1d33a-fef4-492a-8fb4-e7bc9750b42b","Brick",,0,0,"None of these",,"New Project (New Site)","Other Industries","Micro - upto 25 lakhs",,,"Brick"
"bc0cc819-ef91-4fb3-abbb-35ef73c01ec4","SHIFTING OF CURRENT UNIT",,0,0,"Highly Technical",,"New Project (Existing Site)","Auto, Auto Components and Light Engineering","Small - more than 25 lakhs and less �than or upto 5 crores",,,
"73226393-7776-43dd-a760-988767136b21","Rajiv Michia and others",,0,0,"None of these",,"New Project (New Site)","Other Industries","Large - more than 10 crores",,,"IT Park sector 22"
"9cafc5ab-7afb-4fdf-97d0-cb6d4ff7119a",,,0,0,"Export Oriented",,"Expansion Project","Textiles/ Apparel/ Knitting/ Embroidery/ Technical textiles","Small - more than 25 lakhs and less �than or upto 5 crores",,,
"7240d33f-3082-44bc-953d-f9be09c07aa4",,,0,0,"None of these",,"New Project (New Site)","Other Industries","Micro - upto 25 lakhs",,,"Brick"
"28b9ffa6-0731-4688-a62b-e4daa924abb7","Cold Storage",,0,0,"None of these",,"New Project (New Site)","Other Industries","Small - more than 25 lakhs and less �than or upto 5 crores",,,"Cold Storage"
"27aca6f6-4677-42eb-89f1-23b928e9394d",,,0,0,"None of these",,"New Project (New Site)","Other Industries","Small - more than 25 lakhs and less �than or upto 5 crores",,,"Plastic Auto components and other plastic products"
"09cd8bc8-d8c2-4f08-a4b0-8879a300995b",,,0,0,"Highly Technical",,"Expansion Project","Other Industries","Small - more than 25 lakhs and less �than or upto 5 crores",,,"WATER METERS"
"c2b1c537-abfb-4425-9647-d3c55a1d7648",,,0,0,"None of these",,"Expansion Project","Agro-based, Food Processing and Allied Industry","Large - more than 10 crores",,,
"fae3b587-575a-41c6-b752-18cce52850b6","the developing processing and pronting of Educational Books,Note books and other allied products",,0,0,"Highly Technical",,"Expansion Project","Other Industries","Large - more than 10 crores",,,"packaging"
"a526d9c5-8919-4dd8-8a0a-0914d9fb726a",,,0,0,"None of these",,"New Project (New Site)","Footwear and Accessories","Small - more than 25 lakhs and less �than or upto 5 crores",,,
"7cf70eb8-5f50-48e3-9f9c-65a6c218ebe4","MANUFACTURING",,0,0,"None of these",,"New Project (New Site)","Other Industries","Large - more than 10 crores",,,"MANUFACTURING AND EXPORTS OF HIGH PRECISION ABRASIVE AND HONING TOOL PRODUCTS"
"9e0d6a94-e42f-42af-9a30-846691927179","manufacturing",,0,0,"None of these",,"New Project (Existing Site)","Other Industries","Small - more than 25 lakhs and less �than or upto 5 crores",,,"furnance"
"9a65d6a6-5c7f-4672-bb0f-764f33d05281","Mfg and Trading of Corrugated Boxes",,0,0,"None of these",,"Expansion Project","Other Industries","Small - more than 25 lakhs and less �than or upto 5 crores",,,"Manufacturing and Trading"
"69802596-67e0-4fe9-82bb-f3f0fc6508c9",,,0,0,"Involving Technical Collaboration with Foreign Investor","Japan","New Project (New Site)","Auto, Auto Components and Light Engineering","Large - more than 10 crores",,,
"13d57c82-2779-4a3b-bc90-51ccebd6968b","Liquor",,0,0,"None of these",,"New Project (New Site)","Chemical Industry","Small - more than 25 lakhs and less �than or upto 5 crores",,,
"8587e68f-afd6-4bb8-8c55-330cfe2e1fda",,,0,0,"Export Oriented",,"New Project (New Site)","Auto, Auto Components and Light Engineering","Medium - more than 5 crores and less than 10 crores",,,
"dfa24f15-f57e-45bb-a8c9-79341276015b","Liquor",,0,0,"None of these",,"New Project (New Site)","Chemical Industry","Small - more than 25 lakhs and less �than or upto 5 crores",,,
"64c51c85-18d4-40b3-abe3-c74977ba2868",,,0,0,"None of these",,"New Project (New Site)","Other Industries","Small - more than 25 lakhs and less �than or upto 5 crores",,,"RCC PIPES"
"600b9df4-f364-4d10-a18d-89bd34ad158e","Service maintainance and traning facility for defence.",,0,0,"Highly Technical",,"New Project (New Site)","Defence and Aerospace Manufacturing","Large - more than 10 crores",,,
"651239ac-f58b-46e5-a1fb-33b1f2829fe7",,,0,0,"Export Oriented",,"Expansion Project","Textiles/ Apparel/ Knitting/ Embroidery/ Technical textiles","Large - more than 10 crores",,,
"4e1456c7-b9d1-466b-ad2a-e315890c96e9","Production",,0,0,"None of these",,"New Project (New Site)","Other Industries","Small - more than 25 lakhs and less �than or upto 5 crores",,,"Industrial Sector"
"bfa2fc81-25ae-486a-8bf3-280880fd3a54","Cold Storage",,0,0,"None of these",,"New Project (New Site)","Agro-based, Food Processing and Allied Industry","Small - more than 25 lakhs and less �than or upto 5 crores",,,
"6e16ccf9-b534-4465-b3a1-65209b420bf8","Production",,0,0,"None of these",,"New Project (New Site)","Other Industries","Small - more than 25 lakhs and less �than or upto 5 crores",,,"Industrial Sector"
"98b75951-019b-4859-8f1f-192213d21de6","Expansion plan with existing as well as new customers like Hero Motors, Honda Cars India, Graziano",,0,0,"Highly Technical",,"Expansion Project","Auto, Auto Components and Light Engineering","Large - more than 10 crores",,,
"dd593d02-c894-4cde-b59f-08fa5b6e3c5b","A Unit of Manufacturing Sale and Repairing Machines",,0,0,"None of these",,"New Project (New Site)","Other Industries","Small - more than 25 lakhs and less �than or upto 5 crores",,,"CNCC,HMC,BMC,Turning Lathe and Boring Machine"
"152b3e7b-a76c-456d-95eb-df87eb9e337f",,,0,0,"None of these",,"Expansion Project","Other Industries","Large - more than 10 crores",,,"CORRUGATED BOXES"
"129ac0f4-fe57-4aaa-9547-a0b5caac1959","Training Institute",,0,0,"None of these",,"New Project (New Site)","Other Industries","Small - more than 25 lakhs and less �than or upto 5 crores",,,"Training Institute"
"b40555be-ae5d-4469-9eff-6b6d918a5908","Repair and Maintenance of Hydra JCB Water Tanks Hywa and Trailor Etc",,0,0,"None of these",,"New Project (New Site)","Other Industries","Small - more than 25 lakhs and less �than or upto 5 crores",,,"Light Industry"
"a75c50be-54bf-4f36-99d3-5a09c6981222",,,0,0,"None of these",,"New Project (New Site)","Other Industries","Small - more than 25 lakhs and less �than or upto 5 crores",,,"Pesticide, Herbicide, Insecticide"
"50b04b14-ec99-4324-8f7f-c2355f337c1c","READY TO SERVE FRUIT BEVARAGES",,0,1,"None of these",,"New Project (New Site)","Agro-based, Food Processing and Allied Industry","Small - more than 25 lakhs and less �than or upto 5 crores",,,
"f6384ba8-2d4a-404c-b1ca-9d4f7e2ccf7d",,,1,0,"None of these",,"New Project (New Site)","Other Industries","Large - more than 10 crores",,,"Real Estate"
"cfd465ec-a308-4b30-9603-39a07bef30a7",,,1,0,"None of these",,"New Project (New Site)","Other Industries","Large - more than 10 crores",,,"Real Estate"
"9be307ed-3087-4202-8fc1-24c14d136c3b","EXPANSION OF UNIT",,0,0,"Highly Technical",,"Expansion Project","Other Industries","Large - more than 10 crores",,,"PACKAGING UNIT"
"ddcb117d-24b9-40d4-ac90-4a4d6c60fe90","EXPANSION OF UNIT",,0,0,"Highly Technical",,"Expansion Project","Other Industries","Large - more than 10 crores",,,"PACKAGING UNIT"
"c46ffda2-c4fc-46b3-885d-5acbc50d3d52",,,1,1,"None of these",,"New Project (New Site)","Electronics & IT/ITES","Large - more than 10 crores",,,
"be0773a0-ef0e-44a0-91c8-a852514d16c4","MANUFACTURING, EXPORTS SS WARES",,0,0,"Export Oriented",,"New Project (New Site)","Other Industries","Large - more than 10 crores",,,"steel"
"38a12830-916b-4141-8c66-1607b306f0e3","Residential Plotted Colony",,0,0,"None of these",,"New Project (New Site)","Other Industries","Large - more than 10 crores",,,"RGH"
"a61aeac2-6bad-46cf-93b6-e8769a8f5516","Residential Plotted Colony",,0,0,"None of these",,"New Project (New Site)","Other Industries","Large - more than 10 crores",,,"RGH"
"ab687ed3-01ff-4824-9a95-4dbd90be22df","Residential Group Housing",,0,0,"None of these",,"New Project (New Site)","Other Industries","Large - more than 10 crores",,,"RGH"
"9c2d059f-eb2d-4195-aecd-a8a1fcaa6d9d",,,0,0,"None of these",,"New Project (New Site)","Other Industries","Large - more than 10 crores",,,"URBAN DEVELOPMENT"
"89e2be80-5fcd-4a24-baa2-8aeafa06d20d","Production",,0,0,"None of these",,"New Project (New Site)","Other Industries","Medium - more than 5 crores and less than 10 crores",,,"Sector-30"
"ff0a7421-e040-4b5c-8b0b-95e260a9e9c7","MANUFACTURER",,1,0,"None of these",,"New Project (New Site)","Textiles/ Apparel/ Knitting/ Embroidery/ Technical textiles","Medium - more than 5 crores and less than 10 crores",,,
"6853866d-6b2d-4c78-bb83-78e33a83a27c","PVC Sanitary Goods",,0,0,"None of these",,"New Project (New Site)","Other Industries","Small - more than 25 lakhs and less �than or upto 5 crores",,,"Industry"
"bd3ca5dc-8219-4fee-8ca5-985a5f4b6e26",,,0,0,"None of these",,"New Project (New Site)","Other Industries","Large - more than 10 crores",,,"Super Speciality Hospital, Medical College, Nursing College and Health Research Centre"
"279ddff4-d77c-4a95-a1e4-2c72a95ec820",,,0,0,"Export Oriented",,"New Project (New Site)","Textiles/ Apparel/ Knitting/ Embroidery/ Technical textiles","Large - more than 10 crores",,,
"e41de93e-ace9-4e21-8750-a09db71b873f","COLD STORAGE",,0,0,"None of these",,"New Project (New Site)","Other Industries","Small - more than 25 lakhs and less �than or upto 5 crores",,,"SERVICE SECTOR"
"4bf6e597-6a2c-4c8c-a451-7a96cdfccc1b","Stone Crusher",,0,0,"None of these",,"New Project (New Site)","Other Industries","Small - more than 25 lakhs and less �than or upto 5 crores",,,"Stone Crusher"
"3cce371c-87fe-4705-aeb0-91a36a81035c",,,0,0,"Export Oriented",,"Expansion Project","Textiles/ Apparel/ Knitting/ Embroidery/ Technical textiles","Large - more than 10 crores",,,
"32ba474c-49d5-482d-ac49-926afb3295a0",,,1,1,"None of these",,"New Project (New Site)","Other Industries","Large - more than 10 crores",,,"Real Estate"
"436f88de-ca38-4b78-bf99-011ce63379f2","Manufacturing",10733,0,0,"None of these",,"New Project (New Site)","Other Industries","Micro - upto 25 lakhs",,,"Food Products"
"d0e34138-40de-4fdc-b022-1d86edda573e",,,0,0,"None of these",,"New Project (New Site)","Other Industries","Small - more than 25 lakhs and less �than or upto 5 crores",,,"Pesticides, Herbicides, Insecticides"
"28f4765d-6d61-4a97-bbc6-411381aa7a1d",,,0,0,"None of these",,"New Project (New Site)","Auto, Auto Components and Light Engineering","Small - more than 25 lakhs and less �than or upto 5 crores",,,
"8fa90f36-688f-4404-8f28-9d1c5541f24d",,,0,0,"None of these",,"New Project (New Site)","Other Industries","Small - more than 25 lakhs and less �than or upto 5 crores",,,"Rolling Mill"
"6603afd7-17fe-4506-b14a-40ad924791ab",,,0,0,"None of these",,"New Project (New Site)","Agro-based, Food Processing and Allied Industry","Small - more than 25 lakhs and less �than or upto 5 crores",,,
"deff9898-d5e8-4b08-8dee-b0dfed34ef79",,,0,0,"None of these",,"New Project (New Site)","Other Industries","Small - more than 25 lakhs and less �than or upto 5 crores",,,"Thymol and other synthetic Aromas"
"789d79ac-e45d-4b29-8cf2-e7c1d7d77104","test project",123456,0,0,"Export Oriented",,"New Project (New Site)","Electronics & IT/ITES","Large - more than 10 crores",,,
"0890f645-fafe-4dba-96d0-3e6f2540f162","Agro Based Industries",,0,0,"None of these",,"New Project (New Site)","Other Industries","Small - more than 25 lakhs and less �than or upto 5 crores",,,"Industrial Projects"
"f233dceb-6b3b-4b6c-b73e-9d8e0095d4b9","Manufacturing of SS PIPE",24106,0,0,"None of these",,"New Project (New Site)","Other Industries","Small - more than 25 lakhs and less �than or upto 5 crores",,,"MANUFACTURING"
"ba7b813d-6cd5-452e-91ac-20f3ebfdece7","MANUFACTURING",,1,0,"None of these",,"New Project (New Site)","Textiles/ Apparel/ Knitting/ Embroidery/ Technical textiles","Medium - more than 5 crores and less than 10 crores",,,
"57875b88-99b3-4c59-945e-028af5a80ec8","Blocking Tiles",,0,0,"None of these",,"New Project (New Site)","Other Industries","Small - more than 25 lakhs and less �than or upto 5 crores",,,"Blocking Tile"
"73fea7a6-d57c-4c6e-b99c-cd4b0b01a749","Production",,0,0,"None of these",,"New Project (New Site)","Other Industries","Small - more than 25 lakhs and less �than or upto 5 crores",,,"Industrial Sector"
"276c2200-1895-4fb9-8836-298dcb9ed6e4","Seed Processing","016/0164/01639",0,0,"None of these",,"New Project (Existing Site)","Agro-based, Food Processing and Allied Industry","Large - more than 10 crores",,,
"14abf7b2-432d-43d6-95c2-056a0c506409","recycling of waste tyres",3830,0,0,"None of these",,"New Project (New Site)","Other Industries","Small - more than 25 lakhs and less �than or upto 5 crores",,,"prolysis tyre oil"
"9a0b9a11-1ec0-4635-af0b-85bc89861107",,,0,0,"None of these",,"New Project (New Site)","Other Industries","Large - more than 10 crores",,,"railway parts"
"16393c4b-4c3d-4d20-bfd9-52317275a041",,,0,0,"None of these",,"New Project (New Site)","Agro-based, Food Processing and Allied Industry","Small - more than 25 lakhs and less �than or upto 5 crores",,,
"b1338804-9705-494f-a206-d27a2ae7acd7","C.A. Cold Store",52101,0,0,"Highly Technical",,"New Project (New Site)","Agro-based, Food Processing and Allied Industry","Large - more than 10 crores",,,
"d512fa24-5607-43e1-9dd1-c191a52d8990","agro based plywood",,0,0,"None of these",,"New Project (Existing Site)","Agro-based, Food Processing and Allied Industry","Medium - more than 5 crores and less than 10 crores",,,
"f0265247-9362-48c2-8479-b833d552bde9","Processing of Raw Cashew Nuts into Edible Cashew Kernels",10793,1,1,"None of these",,"New Project (New Site)","Agro-based, Food Processing and Allied Industry","Medium - more than 5 crores and less than 10 crores",,,
"26b96354-2821-4249-a75f-7eb4b3e0b363",,,0,0,"None of these",,"New Project (New Site)","Other Industries","Micro - upto 25 lakhs",,,"GAS AGENCY"
"43188881-5b75-47e2-8f5e-e28238fb2552","Manufacturing of Aluminum Cans",,0,0,"Highly Technical",,"New Project (New Site)","Other Industries","Large - more than 10 crores",,,"Manufacturing of Aluminum Cans"
"acc27658-ad84-479f-b952-86a03a78ae5a",,,0,0,"Export Oriented",,"New Project (New Site)","Other Industries","Small - more than 25 lakhs and less �than or upto 5 crores",,,"LIGHT AND HEAVY ENGINEERING"
"ff6a408d-7bc0-448a-b9ff-81e4c6c1a977",11428.75,,0,0,"Involving Technical Collaboration with Foreign Investor","Japan","New Project (New Site)","Electronics & IT/ITES","Large - more than 10 crores",,,
"4317b36e-da7e-46dc-9575-f491d185cb34","Manufacturing business of tool,dies,jigs and fixtures,machinery parts,automobiles etc.",,0,0,"Export Oriented",,"New Project (New Site)","Auto, Auto Components and Light Engineering","Small - more than 25 lakhs and less �than or upto 5 crores",,,
"290e3144-a17c-4a48-bef8-c20a3edaae43","EDUCATION",,0,0,"None of these",,"New Project (New Site)","Other Industries","Micro - upto 25 lakhs",,,"TEN"
"6a5b00e0-cc50-44bf-bbd7-2537f027587c",,,0,0,"None of these",,"New Project (New Site)","Agro-based, Food Processing and Allied Industry","Small - more than 25 lakhs and less �than or upto 5 crores",,,
"e3ee7c5e-41db-47dd-900a-adc443ba6ac4","RUBBER AUTO COMPONENT MANUFACTURING",,0,0,"None of these",,"Expansion Project","Auto, Auto Components and Light Engineering","Small - more than 25 lakhs and less �than or upto 5 crores",,,
"677f6d5b-c3fc-4090-8b1a-c43d5afabd5c",,,0,0,"Export Oriented",,"New Project (New Site)","Textiles/ Apparel/ Knitting/ Embroidery/ Technical textiles","Small - more than 25 lakhs and less �than or upto 5 crores",,,
"7df11843-fccb-40d9-9e31-f78292bdb559",,,0,0,"Highly Technical",,"New Project (Existing Site)","Auto, Auto Components and Light Engineering","Small - more than 25 lakhs and less �than or upto 5 crores",,,
"29d0ef42-41e5-41ac-9ef1-68d3fc4968f1",,,0,0,"Highly Technical",,"New Project (New Site)","Auto, Auto Components and Light Engineering","Small - more than 25 lakhs and less �than or upto 5 crores",,,
"8d78e20c-fc57-405f-8ca5-138093cd472a","MANUFACTURING OF LPG STOVE",,0,0,"Highly Technical",,"New Project (Existing Site)","Auto, Auto Components and Light Engineering","Small - more than 25 lakhs and less �than or upto 5 crores",,,"METAL PRODUCTS"
"09f87c5d-b52a-4525-90e1-542a8efc5403",,,0,0,"Export Oriented",,"New Project (Existing Site)","Auto, Auto Components and Light Engineering","Small - more than 25 lakhs and less �than or upto 5 crores",,,
"fb2812bc-3d0c-4df2-9c6c-e6d320a7201d",,,0,0,"Export Oriented",,"New Project (New Site)","Other Industries","Small - more than 25 lakhs and less �than or upto 5 crores",,,"R AND D,SKILL DEVELOPMENT"
"1f01cc87-6522-4d51-bdba-e2ac7be35942",,,0,0,"None of these",,"New Project (Existing Site)","Other Industries","Micro - upto 25 lakhs",,,"PVC INSULATED WIRE �CABLE"
"192bc72f-db26-40ef-9b74-45bf561d4cfb",,,0,0,"Highly Technical",,"Expansion Project","Other Industries","Small - more than 25 lakhs and less �than or upto 5 crores",,,"PAPER,PRINTING,PACKAGING AND ALLIED"
"74288809-eb77-44ec-892e-c48a76197c75",,,0,0,"None of these",,"New Project (Existing Site)","Other Industries","Small - more than 25 lakhs and less �than or upto 5 crores",,,"Material handling equipments"
"b641dd43-27dc-4c0f-a021-5018b3a7d188","Manufacturing",,0,0,"Export Oriented",,"New Project (New Site)","Textiles/ Apparel/ Knitting/ Embroidery/ Technical textiles","Small - more than 25 lakhs and less �than or upto 5 crores",,,
"fb1a712b-48c1-4944-8cb0-b38bb381ed47",,,0,0,"Highly Technical",,"New Project (Existing Site)","Other Industries","Small - more than 25 lakhs and less �than or upto 5 crores",,,"AUTO MOBILES"
"f3e2edaf-2671-4347-944e-0d237f6fffe7",,,0,0,"Highly Technical",,"New Project (Existing Site)","Auto, Auto Components and Light Engineering","Small - more than 25 lakhs and less �than or upto 5 crores",,,
"e33215b1-53c9-407f-b3c1-cd3f10560755","To build a record storage facility",521,0,0,"None of these",,"New Project (New Site)","Other Industries","Large - more than 10 crores",,,"Document storage warehouse"
"d034ef2c-d574-434e-839d-d1ef4c55840c",,,0,0,"None of these",,"Expansion Project","Chemical Industry","Small - more than 25 lakhs and less �than or upto 5 crores",,,
"af28728b-05fc-4fa6-b0d1-6cf3d3783d7f","Manufacturing of Auto Components",,0,1,"None of these",,"New Project (New Site)","Auto, Auto Components and Light Engineering","Large - more than 10 crores",,,
"3eb930e8-b728-462d-a4d3-ee542cb31a43","Expansion of existing project",,0,0,"None of these",,"Expansion Project","Chemical Industry","Medium - more than 5 crores and less than 10 crores",,,
"b4a28a2f-e963-40ac-a310-df45abbdb780","EXPANSION",,0,0,"None of these",,"New Project (Existing Site)","Textiles/ Apparel/ Knitting/ Embroidery/ Technical textiles","Small - more than 25 lakhs and less �than or upto 5 crores",,,
"24e75258-b938-405a-838b-9e3455c0255f",,,0,0,"Export Oriented",,"New Project (Existing Site)","Textiles/ Apparel/ Knitting/ Embroidery/ Technical textiles","Small - more than 25 lakhs and less �than or upto 5 crores",,,
"31d38119-7e35-4952-a6c1-2cab7f9566a6",,,0,0,"None of these",,"New Project (New Site)","Agro-based, Food Processing and Allied Industry","Small - more than 25 lakhs and less �than or upto 5 crores",,,
"1c92a45d-095d-42e6-8617-202e4c476458","PETROL PUMP",,0,0,"None of these",,"New Project (New Site)","Other Industries","Micro - upto 25 lakhs",,,"PETROL PUMP"
"9f952617-c373-431e-954c-bd86c565d130","ELECTRICAL EQUIPMENT",,0,0,"Export Oriented",,"New Project (New Site)","Other Industries","Small - more than 25 lakhs and less �than or upto 5 crores",,,"ELECTRICAL PANEL AND TRANSFORMER MANUFACTURING"
"cb9a9203-4524-4dd2-99e4-16fe5fb6028f",,,0,0,"Export Oriented",,"New Project (New Site)","Auto, Auto Components and Light Engineering","Small - more than 25 lakhs and less �than or upto 5 crores",,,
"2f435d77-36c0-4f00-9f33-595e01184b7d",,,0,0,"Export Oriented",,"Expansion Project","Other Industries","Small - more than 25 lakhs and less �than or upto 5 crores",,,"AUTOMOBILES"
"d4ded71d-4f82-4be8-9ba5-03b5f7d0f5d4",,,0,0,"None of these",,"New Project (New Site)","Other Industries","Small - more than 25 lakhs and less �than or upto 5 crores",,,"Material Handling"
"d385e127-4c47-4cc6-a410-51a2c9196b0d",,,0,0,"Export Oriented",,"Expansion Project","Other Industries","Small - more than 25 lakhs and less �than or upto 5 crores",,,"HAIR COLOUR"
"bfd2e233-855d-41d5-837c-78b3c71ee41a","GROWTH IN SSI",5,0,0,"None of these",,"New Project (New Site)","Agro-based, Food Processing and Allied Industry","Small - more than 25 lakhs and less �than or upto 5 crores",,,
"699eb255-497b-4317-aa9d-e8785e44cd68","material handling",,0,0,"None of these",,"New Project (New Site)","Other Industries","Small - more than 25 lakhs and less �than or upto 5 crores",,,"manufacturing"
"372fb0ee-b3c0-4d8f-90db-e6e6b49f4a16",,,0,1,"Export Oriented",,"New Project (New Site)","Agro-based, Food Processing and Allied Industry","Medium - more than 5 crores and less than 10 crores",,,
"af98f8ea-aab4-4e83-b334-53a554760585","Maufacturing and Service",281,1,1,"Highly Technical",,"New Project (New Site)","Auto, Auto Components and Light Engineering","Small - more than 25 lakhs and less �than or upto 5 crores",,,
"2ab9191f-fe3f-4cff-a99c-35391141c340",,,0,0,"None of these",,"New Project (New Site)","Other Industries","Small - more than 25 lakhs and less �than or upto 5 crores",,,"food and beverages"
"ce521b78-4049-4545-a690-7ec73f8e60c4",,,1,0,"Involving Technical Collaboration with Foreign Investor","Japan","New Project (New Site)","Chemical Industry","Large - more than 10 crores",,,
"01a935fd-0e93-44a0-9fc2-534fac124895","Manufacturing of Aluminium Utensils",25994,0,0,"None of these",,"New Project (Existing Site)","Other Industries","Small - more than 25 lakhs and less �than or upto 5 crores",,,"Metal Utensils Manufacturing"
"f9a74701-245a-4af6-b3d9-6f453fecae53",,,0,0,"None of these",,"New Project (New Site)","Other Industries","Small - more than 25 lakhs and less �than or upto 5 crores",,,"Moulding powder and crockery"
"18da2fc4-6c4d-4e2a-aa94-da6eb46907de","PLYWOOD",,0,0,"None of these",,"New Project (New Site)","Other Industries","Small - more than 25 lakhs and less �than or upto 5 crores",,,"MANUFACTURING"
"e9e2106a-1a1d-4e88-b53a-713f7ea960e1","manfacturing of rice",10612,0,0,"None of these",,"New Project (New Site)","Agro-based, Food Processing and Allied Industry","Small - more than 25 lakhs and less �than or upto 5 crores",,,
"89b0e237-4171-49e5-8fea-5ec164240e11","MATERIAL HANDLING EQUIPMENTS and E RICKSHAW MANUFATURING",,0,0,"Export Oriented",,"New Project (Existing Site)","Auto, Auto Components and Light Engineering","Small - more than 25 lakhs and less �than or upto 5 crores",,,
"db91a8d8-7eda-44fe-80c3-071f6cb4d615",,,0,0,"Involving Financial Collaboration with Foreign Investor",,"Expansion Project","Other Industries","Large - more than 10 crores",,,"Tourism"
"c5120156-8f64-4d15-af32-54d0283ff3a4",,,0,0,"None of these",,"New Project (New Site)","Textiles/ Apparel/ Knitting/ Embroidery/ Technical textiles","Small - more than 25 lakhs and less �than or upto 5 crores",,,
"db358a8e-864d-4aed-b186-e9f39cdcf2fd",,,0,0,"Highly Technical",,"Expansion Project","Auto, Auto Components and Light Engineering","Small - more than 25 lakhs and less �than or upto 5 crores",,,
"964f841d-c1c1-4d32-bb5a-4dff1ea01bb2","existing manufacturing business will �becarried out with an expansion with new machinery at new site",,0,0,"Highly Technical",,"Expansion Project","Auto, Auto Components and Light Engineering","Small - more than 25 lakhs and less �than or upto 5 crores",,,
"3810d234-832e-496d-82e5-4f4981b5f279","Auto components supplier",,0,1,"Highly Technical",,"New Project (New Site)","Auto, Auto Components and Light Engineering","Medium - more than 5 crores and less than 10 crores",,,
"ded392a2-19c6-4e7e-91cd-456d1620a98d",,,0,0,"None of these",,"Expansion Project","Other Industries","Medium - more than 5 crores and less than 10 crores",,,"FABRICATION WORKS OF PLASTIC CRATES AND EP FOAM"
"5225b0f3-10be-4bfb-9561-11becf68107f",,,0,0,"None of these",,"Expansion Project","Auto, Auto Components and Light Engineering","Small - more than 25 lakhs and less �than or upto 5 crores",,,
"f7a7edb5-170a-4660-a6c8-3ae5e893dec0",,,0,0,"Highly Technical",,"Expansion Project","Auto, Auto Components and Light Engineering","Small - more than 25 lakhs and less �than or upto 5 crores",,,
"497d5ae8-26ea-4c4e-ac21-6d4b116feb0f","MANUFACTURING",,0,1,"Export Oriented",,"New Project (New Site)","Textiles/ Apparel/ Knitting/ Embroidery/ Technical textiles","Small - more than 25 lakhs and less �than or upto 5 crores",,,
"233c2376-a910-4ab6-a72a-3a5e74cde369",,,0,0,"None of these",,"Expansion Project","Auto, Auto Components and Light Engineering","Micro - upto 25 lakhs",,,
"8808f2f5-cb81-4c89-a8ea-fbd9a3074e58",,,0,0,"None of these",,"New Project (New Site)","Agro-based, Food Processing and Allied Industry","Micro - upto 25 lakhs",,,
"9b319716-976c-4f92-9bd0-2db228353e4b",,,0,0,"None of these",,"New Project (New Site)","Footwear and Accessories","Small - more than 25 lakhs and less �than or upto 5 crores",,,
"a0d20923-f893-46fe-9eeb-aa54d3a118a4",,,0,0,"None of these",,"Expansion Project","Agro-based, Food Processing and Allied Industry","Micro - upto 25 lakhs",,,
"38c96205-0b67-4b94-91c1-1f3875dec3ad",,,0,0,"Highly Technical",,"Expansion Project","Textiles/ Apparel/ Knitting/ Embroidery/ Technical textiles","Small - more than 25 lakhs and less �than or upto 5 crores",,,
"28d99411-346a-4410-bc0a-33843d15b218","Production",,0,0,"None of these",,"New Project (New Site)","Other Industries","Large - more than 10 crores",,,"Industrial Sector"
"a35612fe-ea9c-4bf9-a6b6-cfb374ce145c",,,0,0,"Highly Technical",,"Expansion Project","Auto, Auto Components and Light Engineering","Small - more than 25 lakhs and less �than or upto 5 crores",,,
"f5906938-7b43-445b-9ec9-5e7c3c4e5de5","Instal One Extruder of Plastic Film With Cutting and Sealing Machine",,0,0,"None of these",,"New Project (New Site)","Defence and Aerospace Manufacturing","Small - more than 25 lakhs and less �than or upto 5 crores",,,"Instal One Extruder of Plastic Film With Cutting and Sealing Machine"
"023552ae-cc5e-42e6-acfb-22be4762b5c0",,2740,0,0,"Export Oriented",,"New Project (New Site)","Electronics & IT/ITES","Medium - more than 5 crores and less than 10 crores",,,
"dd0dfe4c-5422-4a1d-b743-c67f6218c767",,,0,0,"Highly Technical",,"Expansion Project","Auto, Auto Components and Light Engineering","Small - more than 25 lakhs and less �than or upto 5 crores",,,
"43acf23d-0bf3-458a-8d5f-b7db530aab17","EXPORT PROMOTION",113,0,0,"Export Oriented",,"Expansion Project","Textiles/ Apparel/ Knitting/ Embroidery/ Technical textiles","Large - more than 10 crores",,,
"41b0aa88-032d-45e8-bc4f-43df6d5a4158",,,0,0,"None of these",,"New Project (New Site)","Other Industries","Small - more than 25 lakhs and less �than or upto 5 crores",,,"Printing and �Packaging"
"1d925ed4-3253-4a55-b579-e7a55c8372d9","Production",,0,0,"None of these",,"New Project (New Site)","Other Industries","Small - more than 25 lakhs and less �than or upto 5 crores",,,"Industrial Sector"
"a6ec00b6-4c66-40b4-adc3-5c6749dff52b","Production",,0,0,"None of these",,"New Project (New Site)","Other Industries","Small - more than 25 lakhs and less �than or upto 5 crores",,,"Industrial sector"
"06a1e9d6-9e43-4520-afcd-14066c0845ef","MAXIMUM EMPLOYMENT WITH MINIMUM INVESTMENT WITHOUT ANY KIND OF POLLUTION",,0,1,"Export Oriented",,"New Project (New Site)","Textiles/ Apparel/ Knitting/ Embroidery/ Technical textiles","Small - more than 25 lakhs and less �than or upto 5 crores",,,
"df5e2ec4-22c9-4473-b471-e48b83d9ce92",,,0,0,"None of these",,"New Project (New Site)","Other Industries","Small - more than 25 lakhs and less �than or upto 5 crores",,,"plastic moulded products"
"b9fb43aa-95ba-4078-887d-c91cc80009c3",,241,0,0,"None of these",,"New Project (New Site)","Chemical Industry","Small - more than 25 lakhs and less �than or upto 5 crores",,,
"b1376c6d-920c-447a-895e-33a6aec899b5","PVC WIRES ANDC ABLES",,0,0,"Highly Technical",,"New Project (New Site)","Auto, Auto Components and Light Engineering","Small - more than 25 lakhs and less �than or upto 5 crores",,,
"f0930121-f369-4468-9950-9b34958d43b9",,,0,0,"Highly Technical",,"New Project (New Site)","Auto, Auto Components and Light Engineering","Medium - more than 5 crores and less than 10 crores",,,
"30514797-8851-4c27-87ed-d204a7efcf47","Install One Extruder of Plastic Film with Cutting and Sealing Machine",,0,0,"None of these",,"New Project (New Site)","Defence and Aerospace Manufacturing","Small - more than 25 lakhs and less �than or upto 5 crores",,,
"23297e06-dffa-4eb8-a022-116c0d51b145",,,0,0,"None of these",,"New Project (New Site)","Auto, Auto Components and Light Engineering","Micro - upto 25 lakhs",,,
"42dd5dc4-f6c6-4fbb-a9b1-39e0dd9d7bdb",,,0,0,"Highly Technical",,"New Project (New Site)","Auto, Auto Components and Light Engineering","Large - more than 10 crores",,,
"494640ac-cedb-4ab3-8f6e-c0af6a9247d8","Manufacturing, fabricating, forging and machining of different automotive components",,0,1,"None of these",,"New Project (New Site)","Auto, Auto Components and Light Engineering","Large - more than 10 crores",,,
"e01f2c8c-3d40-4c2a-9458-3d19d09cc37d",,16211,0,0,"None of these",,"New Project (New Site)","Other Industries","Medium - more than 5 crores and less than 10 crores",,,"PLYWOOD INDUSTRY"
"38bf2ce5-44b4-4d14-a9fd-7c1cd639eb5a",,,0,0,"Export Oriented",,"Expansion Project","Auto, Auto Components and Light Engineering","Large - more than 10 crores",,,
"5d602bc7-2bf1-4f44-b871-39a411f98590","Petrol Pump",,0,1,"None of these",,"New Project (New Site)","Other Industries","Small - more than 25 lakhs and less �than or upto 5 crores",,,"Petrol pump"
"5e4fbb6b-effc-484b-9722-889da5815b5e",,,0,0,"Export Oriented",,"Expansion Project","Auto, Auto Components and Light Engineering","Small - more than 25 lakhs and less �than or upto 5 crores",,,
"0e5a76bb-4f86-442b-bc75-1688d1bd9d23",,,0,0,"Highly Technical",,"Expansion Project","Auto, Auto Components and Light Engineering","Large - more than 10 crores",,,
"739f78c4-43c8-4528-8a99-5b0e9f2f4ec3","shifting of existing unit",,0,1,"None of these",,"New Project (New Site)","Textiles/ Apparel/ Knitting/ Embroidery/ Technical textiles","Small - more than 25 lakhs and less �than or upto 5 crores",,,
"ea0913c0-5dca-4f0b-9c94-b9fa3c443ab5",,,0,0,"Highly Technical",,"Expansion Project","Other Industries","Small - more than 25 lakhs and less �than or upto 5 crores",,,"AIRCONDITIONING REFREGIRATOR PARTS"
"9d61caf0-2daa-4f42-95d0-c295dec73346",,,0,0,"None of these",,"Expansion Project","Auto, Auto Components and Light Engineering","Small - more than 25 lakhs and less �than or upto 5 crores",,,
"62eefc49-0665-4f00-ade0-43b00e956afb",,6238,0,0,"Export Oriented","Albania","New Project (Existing Site)","Agro-based, Food Processing and Allied Industry","Medium - more than 5 crores and less than 10 crores",,,
"351bfb9c-d47c-4b35-92b4-2cad823cc4dc",,,0,0,"None of these",,"Expansion Project","Auto, Auto Components and Light Engineering","Small - more than 25 lakhs and less �than or upto 5 crores",,,
"556df9d3-d546-4cbc-bd12-5d682fd36712","Machinery Manufacturing",28,0,0,"Highly Technical",,"New Project (New Site)","Other Industries","Small - more than 25 lakhs and less �than or upto 5 crores",,,"Packaging Machinery"
"30d2b486-2485-48b3-844e-f8e759ecd015","TEXTILE",,0,0,"Export Oriented",,"New Project (New Site)","Textiles/ Apparel/ Knitting/ Embroidery/ Technical textiles","Small - more than 25 lakhs and less �than or upto 5 crores",,,
"cefbe187-fe5b-4ea6-bff5-a913a704b076",,,0,0,"Export Oriented",,"New Project (New Site)","Other Industries","Small - more than 25 lakhs and less �than or upto 5 crores",,,"MANUFACTURING OF CPVC PIPES"
"1f0006eb-c11c-4d89-9cc4-735485d5ccb0",,,0,0,"Export Oriented",,"Expansion Project","Textiles/ Apparel/ Knitting/ Embroidery/ Technical textiles","Small - more than 25 lakhs and less �than or upto 5 crores",,,
"26cdf90c-014a-4f43-91cc-f91d95d2181e",,,0,0,"Export Oriented",,"Expansion Project","Other Industries","Medium - more than 5 crores and less than 10 crores",,,"DESIGN AND MANUFACTURING OF BOW SPRING-RIGID CENTRALIZERS"
"71dce011-0442-48cc-a9aa-8384a5b5700e",,,0,0,"None of these",,"New Project (New Site)","Textiles/ Apparel/ Knitting/ Embroidery/ Technical textiles","Medium - more than 5 crores and less than 10 crores",,,
"e962a548-82fb-4e89-b50a-397bc966e2bc",,,0,0,"Highly Technical",,"Expansion Project","Other Industries","Small - more than 25 lakhs and less �than or upto 5 crores",,,"PLASTIC INDUSTURY"
"25912a30-e056-4064-ad84-c2777c73296c",,,0,0,"Export Oriented",,"Expansion Project","Auto, Auto Components and Light Engineering","Small - more than 25 lakhs and less �than or upto 5 crores",,,
"76b49c0c-0402-4b27-b149-589914df44a7",,,0,0,"Export Oriented",,"Expansion Project","Textiles/ Apparel/ Knitting/ Embroidery/ Technical textiles","Large - more than 10 crores",,,
"8969d271-2370-4e75-aa33-633c79e254c6","Manufactre of Tube Mill Machinery",28229,0,0,"Highly Technical",,"New Project (New Site)","Other Industries","Small - more than 25 lakhs and less �than or upto 5 crores",,,"Manufacture of Tube Mill Machinery"
"4c99c30f-0699-4092-a062-ff24184d4966","BEVERAGES",,1,1,"Highly Technical",,"New Project (New Site)","Agro-based, Food Processing and Allied Industry","Medium - more than 5 crores and less than 10 crores",,,
"3a4914a5-751c-46d8-a5fd-437d3b4f34c9",,,0,0,"None of these",,"Expansion Project","Auto, Auto Components and Light Engineering","Small - more than 25 lakhs and less �than or upto 5 crores",,,
"c3abbf54-4b50-4b33-b069-7914fd92777f",,,0,0,"None of these",,"Expansion Project","Auto, Auto Components and Light Engineering","Small - more than 25 lakhs and less �than or upto 5 crores",,,
"13cbb0f9-919b-4c8d-8b79-033817301299",,,0,0,"None of these",,"Expansion Project","Other Industries","Small - more than 25 lakhs and less �than or upto 5 crores",,,"WALL PUTTY"
"14e1fb79-60a8-402c-b3dc-f76765d828e9","To serve the people",,0,0,"None of these",,"New Project (New Site)","Other Industries","Small - more than 25 lakhs and less �than or upto 5 crores",,,"Petroleum Product"
"1eb30852-5c2d-42b1-9a5b-e4af70df8f8c",,,0,0,"Involving Technical Collaboration with Foreign Investor","Japan","Expansion Project","Auto, Auto Components and Light Engineering","Large - more than 10 crores",,,
"e1f3d336-a3e9-4ce5-b8cf-6dc2051cd71f",,,0,0,"None of these",,"Expansion Project","Electronics & IT/ITES","Medium - more than 5 crores and less than 10 crores",,,
"5f86ea7f-5ec9-41c2-b3d7-72d09c4b30dc",,,0,0,"None of these",,"New Project (New Site)","Agro-based, Food Processing and Allied Industry","Medium - more than 5 crores and less than 10 crores",,,
"c5bd9336-6507-4475-8ed7-1ebfb8c09f39",,,0,0,"None of these",,"Expansion Project","Auto, Auto Components and Light Engineering","Small - more than 25 lakhs and less �than or upto 5 crores",,,
"339d351a-f92d-4ea1-b0ff-e152852d8cfc",,,0,0,"Export Oriented",,"New Project (New Site)","Other Industries","Small - more than 25 lakhs and less �than or upto 5 crores",,,"PLASTIC PRODUCTS"
"a1456e2c-6331-43eb-9bdb-385ec5621047","Expansion of Existing Manufacturing Unit",,1,0,"None of these",,"Expansion Project","Other Industries","Large - more than 10 crores",,,"HDPE Pipe Manufacturing"
"223b07fe-8b7a-4ccb-9853-9f88276b7cee",,,0,0,"None of these",,"Expansion Project","Auto, Auto Components and Light Engineering","Medium - more than 5 crores and less than 10 crores",,,
"a88f65a3-6549-4cf7-bed5-90db73f53256","MANUFACTURING",,0,0,"None of these",,"New Project (Existing Site)","Pharmaceutical Industry","Small - more than 25 lakhs and less �than or upto 5 crores",,,
"e6ab3bc1-eb61-4c53-8f2b-0a6ca8fc1e1b",,,0,0,"Highly Technical",,"Expansion Project","Auto, Auto Components and Light Engineering","Small - more than 25 lakhs and less �than or upto 5 crores",,,
"d66a5c00-a766-446a-b152-fbd5b73dc572",,,0,0,"None of these",,"New Project (New Site)","Other Industries","Small - more than 25 lakhs and less �than or upto 5 crores",,,"Corrugated boxes"
"7d7ed632-ccb6-4cee-b86e-492469f6909c",,,0,0,"None of these",,"New Project (New Site)","Other Industries","Small - more than 25 lakhs and less �than or upto 5 crores",,,"MANUFACTURING OF BOPP BAGS"
"2eeee880-3b47-46fd-b1fb-84f98340b1dd",,,0,0,"None of these",,"New Project (New Site)","Other Industries","Small - more than 25 lakhs and less �than or upto 5 crores",,,"Air Handling Air pollution control Air Pressurization/Dusr Proofing and HVAC equipment"
"6293a62d-26e5-4527-88d8-0f21ad76c11f","Cotton Mill",,0,0,"Export Oriented",,"New Project (New Site)","Agro-based, Food Processing and Allied Industry","Small - more than 25 lakhs and less �than or upto 5 crores",,,
"5d55b9cd-134c-4da5-8bf8-be47f6bcd6f6","MANUFACTURING",25910,0,0,"None of these",,"New Project (New Site)","Auto, Auto Components and Light Engineering","Small - more than 25 lakhs and less �than or upto 5 crores",,,
"1bfd66ae-8c52-45c1-8ea8-8ee943328106",,,0,0,"None of these",,"New Project (New Site)","Auto, Auto Components and Light Engineering","Small - more than 25 lakhs and less �than or upto 5 crores",,,
"5e1e0e7f-ee54-4c8b-9fc2-0a8bf4fb8f5a",,,0,0,"None of these",,"Expansion Project","Auto, Auto Components and Light Engineering","Small - more than 25 lakhs and less �than or upto 5 crores",,,
"77e7920a-ad7b-460d-864c-1d6118fbd883",,,0,0,"Export Oriented",,"Expansion Project","Auto, Auto Components and Light Engineering","Small - more than 25 lakhs and less �than or upto 5 crores",,,
"cb1ee726-e1ef-41c4-8a75-9a02e363dc4e",,,0,0,"None of these",,"Expansion Project","Auto, Auto Components and Light Engineering","Small - more than 25 lakhs and less �than or upto 5 crores",,,
"96c5175f-2785-43b0-bd2c-e91a5cad89bf",,,0,0,"None of these",,"New Project (Existing Site)","Other Industries","Large - more than 10 crores",,,"D.G. sets"
"49ab4c88-3623-4ae9-ba69-0949feb1081d",,,0,0,"None of these",,"Expansion Project","Other Industries","Medium - more than 5 crores and less than 10 crores",,,"ELECTRICAL"
"ad6a3464-f801-4790-ade7-4b70cf98899d",,,0,0,"Export Oriented",,"Expansion Project","Auto, Auto Components and Light Engineering","Small - more than 25 lakhs and less �than or upto 5 crores",,,
"4c47c45c-82af-48d1-8ead-070c934c2501",,,0,0,"None of these",,"New Project (New Site)","Other Industries","Small - more than 25 lakhs and less �than or upto 5 crores",,,"PLASTIC INDUSTURY"
"47cb7422-29ea-42e6-b5a5-f0c1e874a4cb","Home Appliances and Audio System",,0,0,"None of these",,"Expansion Project","Other Industries","Large - more than 10 crores",,,"Home Appliances and Audio System"
"44a3a0fd-caa4-40bf-bd19-9849a8c4be2f",,,0,0,"Highly Technical",,"New Project (New Site)","Auto, Auto Components and Light Engineering","Medium - more than 5 crores and less than 10 crores",,,
"12edc13a-345e-4a32-b214-4ff2ba39f1a4","COTTON AND OIL UDYOG",,0,0,"None of these",,"New Project (New Site)","Agro-based, Food Processing and Allied Industry","Small - more than 25 lakhs and less �than or upto 5 crores",,,
"a062141d-6eea-455b-8ffa-33aa3f5e374f",,,0,0,"Export Oriented",,"Expansion Project","Auto, Auto Components and Light Engineering","Small - more than 25 lakhs and less �than or upto 5 crores",,,
"81c04767-519c-49f5-a4f7-110203a689fc",,,0,0,"None of these",,"Expansion Project","Textiles/ Apparel/ Knitting/ Embroidery/ Technical textiles","Small - more than 25 lakhs and less �than or upto 5 crores",,,
"de960a80-650f-4479-95a3-f413f976ac09","WASHING AND DYEING FABRIC AND GARMENTS",,0,0,"None of these",,"New Project (New Site)","Textiles/ Apparel/ Knitting/ Embroidery/ Technical textiles","Medium - more than 5 crores and less than 10 crores",,,
"6dfe8f18-b467-461f-a757-6d0e1d265048",,,0,0,"Export Oriented",,"Expansion Project","Auto, Auto Components and Light Engineering","Medium - more than 5 crores and less than 10 crores",,,
"da7da61e-6943-4935-a91f-2c0e5569a65d",,666,0,0,"Involving Financial Collaboration with Foreign Investor","Argentina","New Project (New Site)","Auto, Auto Components and Light Engineering","Small - more than 25 lakhs and less �than or upto 5 crores",,,
